ID,Name,Specialty,Country,City,Phone,Website,Address,Rating,ReviewCount,Clicks,Promoted,Verified,Source
b5aae1a3-a74b-4077-899d-98615ed252f5,East El Paso Dentist,dentist,US,El Paso,+1 915-621-5003,https://eastelpasodentist.com/?utm_source=local&utm_medium=organic&utm_campaign=gmb,"14240 Edgemere Blvd Suite 105, El Paso, TX 79938, USA",4.9,2486,0,false,false,google
cdc9a96f-1b05-420f-afbe-1d53b1dfb4f8,Aventura Dental,dentist,US,El Paso,+1 915-591-9999,http://www.aventuradentalelpaso.com/,"2200 N Yarbrough Dr suite n, El Paso, TX 79925, USA",4.9,1457,0,false,false,google
0dd1f473-9cb7-4282-9848-f0526eb0e1da,Valley Dental Care,dentist,US,El Paso,+1 915-598-7100,https://valleydentalcareep.com/?utm_source=local&utm_medium=organic&utm_campaign=gmb,"7505 N Loop Dr, El Paso, TX 79915, USA",4.9,3789,0,false,false,google
7d2146c3-8061-4d5d-9a9a-a172780137d9,Dyer Dental Care,dentist,US,El Paso,+1 915-320-9733,https://dyerdentalcareep.com/?utm_source=local&utm_medium=organic&utm_campaign=gmb,"3932 Fort Blvd, El Paso, TX 79930, USA",4.9,1300,0,false,false,google
2783dd4b-b070-472b-9f27-e77ff0915540,Agave Dental Care,dentist,US,El Paso,+1 915-285-1600,https://www.agavedentalcarenortheast.com/,"8815 Dyer St # 210, El Paso, TX 79904, USA",4.9,2678,0,false,false,google
3a1a3acc-31e2-438f-9d19-77830d9e9a1e,Smile Straight Orthodontics - Zaragoza,orthodontist,US,El Paso,+1 915-857-9700,https://epsmiles.com/zaragoza-office?utm_source=google&utm_medium=organic&utm_campaign=profile+zaragoza,"1502 N Zaragoza Rd B, El Paso, TX 79936, USA",4.9,1030,0,false,false,google
db8a8b37-af2e-4c56-83b0-f5cb7c243ef9,JT Orthodontics,orthodontist,US,El Paso,+1 915-581-5476,https://jtorthodontics.com/?utm_source=gbp&utm_medium=organic&utm_campaign=west,"5551 N Mesa St suite a, El Paso, TX 79912, USA",4.9,646,0,false,false,google
cb068fde-b28c-4450-83d1-ad17a0186036,SmileLife Orthodontics,orthodontist,US,El Paso,+1 915-849-9400,https://smilelifebraces.com/,"1971 N Zaragoza Rd A, El Paso, TX 79938, USA",4.9,925,0,false,false,google
9e39c400-5b2a-4a16-8c92-21309c5f570d,El Paso Family Orthodontics,orthodontist,US,El Paso,+1 915-307-9688,https://epfamilyorthodontics.com/,"5925 Cromo Dr, El Paso, TX 79912, USA",4.8,160,0,false,false,google
9c5ef4c2-1982-4faf-832c-3d71d8e07e27,JT Orthodontics: East El Paso Location,orthodontist,US,El Paso,+1 915-855-6616,https://jtorthodontics.com/?utm_source=gbp&utm_medium=organic&utm_campaign=east,"3030 Trawood Dr, El Paso, TX 79936, USA",4.9,591,0,false,false,google
2ee96f67-ce64-487f-af33-fd6bc0d58674,El Paso Cosmetic Surgery,plastic_surgery,US,El Paso,+1 915-351-1116,https://www.elpasoplasticsurgery.com/?utm_source=google&utm_medium=organic&utm_campaign=gmb,"651 S Mesa Hills Dr, El Paso, TX 79912, USA",4.9,1289,0,false,false,google
700c3e23-41e9-4efc-bbfe-a6ba851667c3,"Ozan Sozer, MD El Paso Cosmetic Surgery",plastic_surgery,US,El Paso,+1 915-351-1116,https://www.elpasoplasticsurgery.com/dr-ozan-sozer,"651 S Mesa Hills Dr, El Paso, TX 79912, USA",4.9,920,0,false,false,google
6cc5cb40-ba21-4aaa-930e-ab7707eec285,Dr. Mark Jabor – Plastic Surgeon,plastic_surgery,US,El Paso,+1 915-543-5600,http://www.elpasoplasticsurgery.org/doctor/mark-a-jabor-md-el-paso-texas-plastic-surgeon,"5664 N Mesa St, El Paso, TX 79912, USA",4.9,316,0,false,false,google
1a531213-2b78-47cf-b193-ea53b340ec28,Southwest Plastic Surgery,plastic_surgery,US,El Paso,+1 915-590-7900,http://www.swplasticsurgery.com/,"1387 George Dieter Dr Bldg C301, El Paso, TX 79936, USA",5,394,0,false,false,google
df1e664e-ccc8-4c59-9697-29ce7870769d,"Frank Agullo, MD",plastic_surgery,US,El Paso,+1 915-590-7900,https://www.agulloplasticsurgery.com/?y_source=1_OTg4NzIzNS03MTUtbG9jYXRpb24ud2Vic2l0ZQ%3D%3D,"1387 George Dieter Dr Bldg C301, El Paso, TX 79936, USA",5,691,0,false,false,google
fcb9f274-5394-49ad-9868-1537e7fd4773,Rie Grupo Dental,dentist,MX,Juárez,+52 656 679 8900,http://www.riegrupodental.com/,"Blvd. Teófilo Borunda #8670, Partido Iglesias, 32528 Juárez, Chih., Mexico",4.9,582,0,false,false,google
69e60e9f-d5f1-4956-8b1c-ad96d1ad1800,Dentist Cd Juarez - Creadent,dentist,MX,Juárez,,,"Plaza Alsega, Av. Ejército Nacional 8140-B-local 6, Pradera Dorada, 32618 Juárez, Chih., Mexico",4.9,83,0,false,false,google
cea5e724-79ce-42b8-a5f3-25fdb812e37c,ValSo Smile Design by Dra. Janeth Valenzuela,dentist,MX,Juárez,+52 656 114 0756,https://www.doctoralia.com.mx/janeth-valenzuela/dentista-odontologo/ciudad-juarez?utm_source=google&utm_medium=gmb&utm_campaign=280375&utm_content=website,"Rio Chuviscar 1190, Los Nogales, 32350 Juárez, Chih., Mexico",5,151,0,false,false,google
0d338d72-db74-4cc5-8000-b695d0ac553f,DENTAL SIGN,dentist,MX,Juárez,+52 656 251 7556,http://www.dentalsign.com/,"Avenida de la Raza 5404, Plaza Tres 08, La Fuente, 32600 Juárez, Chih., Mexico",4.9,622,0,false,false,google
747be498-bc4a-43b2-9f1c-437487067459,Clínica Dental Laser,dentist,MX,Juárez,+52 656 618 3202,https://dentallaser.com.mx/,"Av. P.º de la Victoria 4370-Suite 417 y 418, Partido Iglesias, 32618 Juárez, Chih., Mexico",4.9,49,0,false,false,google
077bea32-6844-4647-90ce-ec2b143b7be7,Dr. Carlos Alberto Soto Medina - Face & Body,plastic_surgery,MX,Juárez,+52 656 617 1321,http://www.renew.clinic/,"C. Pedro Rosales de León 7510, Fuentes del Valle, 32500 Juárez, Chih., Mexico",4.9,200,0,false,false,google
cb57816f-d2d2-4834-a0e1-bf45dba02419,Plastic Surgery Dr Mario Luis Pineda Moreno,plastic_surgery,MX,Juárez,+52 656 788 5720,http://www.doctormariopineda.com/,"Av. P.º de la Victoria 4370, Partido Iglesias, 32618 Juárez, Chih., Mexico",4.8,110,0,false,false,google
80b6555c-cc79-4958-853f-b70a7dd8fa2d,Dr. David Flores Soto Plastic Surgery,plastic_surgery,MX,Juárez,+52 656 833 6608,,"Av. Plutarco Elías Calles 1921, Jardines de San José, 32683 Juárez, Chih., Mexico",5,64,0,false,false,google
75601da8-2d9e-41ba-b689-36bd59d5b2e8,Dr. Angel Alvarez Regil-Clínica Juárez Lazer,plastic_surgery,MX,Juárez,+1 915-400-9915,https://juarezplasticsurgery.com/,"C. Pedro Rosales de León 7510-111, Fuentes del Valle, 32500 Juárez, Chih., Mexico",5,33,0,false,false,google
ba75858b-7536-47a0-9595-08653fffdd30,Dr. Reginaldo Hernandez | Cirujano Gastroenterólogo en Cd. Juárez,plastic_surgery,MX,Juárez,+52 656 422 4651,https://drreginaldohernandez.com/cirujano-general-en-cd-juarez/,"Av. Campos Eliseos 9371-Consultorio 205, Campos Elíseos, 32472 Juárez, Chih., Mexico",4.9,73,0,false,false,google
81456b1e-bb67-4758-8fa1-1bc2dca93116,East El Paso Dentist,dentist,US,El Paso,+1 915-621-5003,https://eastelpasodentist.com/?utm_source=local&utm_medium=organic&utm_campaign=gmb,"14240 Edgemere Blvd Suite 105, El Paso, TX 79938, USA",4.9,2486,0,false,false,google
57c5d0c9-6e08-4c16-8293-036b60fca651,Aventura Dental,dentist,US,El Paso,+1 915-591-9999,http://www.aventuradentalelpaso.com/,"2200 N Yarbrough Dr suite n, El Paso, TX 79925, USA",4.9,1457,0,false,false,google
6d128e50-4d9c-4e9e-aeae-0911793625e8,Valley Dental Care,dentist,US,El Paso,+1 915-598-7100,https://valleydentalcareep.com/?utm_source=local&utm_medium=organic&utm_campaign=gmb,"7505 N Loop Dr, El Paso, TX 79915, USA",4.9,3789,0,false,false,google
a049470b-10bc-4f26-b062-6ecff5d3b76e,Dyer Dental Care,dentist,US,El Paso,+1 915-320-9733,https://dyerdentalcareep.com/?utm_source=local&utm_medium=organic&utm_campaign=gmb,"3932 Fort Blvd, El Paso, TX 79930, USA",4.9,1300,0,false,false,google
f0b1a120-b1aa-4fee-9d6b-4cac5bdd5c41,Agave Dental Care,dentist,US,El Paso,+1 915-285-1600,https://www.agavedentalcarenortheast.com/,"8815 Dyer St # 210, El Paso, TX 79904, USA",4.9,2678,0,false,false,google
a890be0e-de48-40f6-9118-9aaf482c7d46,Smile Magic of El Paso Montana,dentist,US,El Paso,+1 915-201-4328,https://mysmilemagic.com/locations/el-paso-montana/,"5150 Montana Ave, El Paso, TX 79903, USA",4.8,2777,0,false,false,google
a1cd2174-0981-4eca-8168-8b0431cb5c60,Vista Hills Family Dental,dentist,US,El Paso,+1 915-592-2097,https://www.vistahillsfamilydental.com/?utm_campaign=gbp,"1713 Weston Brent Ln, El Paso, TX 79935, USA",4.8,1335,0,false,false,google
854cc7a9-ba0f-42d5-8e76-1f4cec4dd60e,The Dentist,dentist,US,El Paso,+1 915-228-3084,https://thedentistelpaso.com/?utm_source=local&utm_medium=organic&utm_campaign=gmb,"3060 Joe Battle Blvd, El Paso, TX 79938, USA",4.9,2704,0,false,false,google
62eaa7b6-393b-4443-8720-f48707aacdcd,El Paso Family Dental,dentist,US,El Paso,+1 915-585-2020,https://www.elpasofamilydentalcare.com/?utm_source=gmb&utm_medium=organic,"965 Resler Dr #105, El Paso, TX 79912, USA",4.9,570,0,false,false,google
306beedc-7522-47c0-93bb-14649c0c74a5,Southwest Celebrity Smiles,dentist,US,El Paso,+1 915-351-5048,https://mycelebritysmiles.com/?utm_source=local&utm_medium=organic&utm_campaign=gmb,"9515 Gateway Blvd W Suite B, El Paso, TX 79925, USA",4.9,2872,0,false,false,google
dbb82c84-cebd-4b36-a550-7444fd30efab,"Dentist Near Me - El Paso, TX Dental Office",dentist,US,El Paso,+1 915-219-4632,https://dentistnearmeep.com/?utm_source=local&utm_medium=organic&utm_campaign=gmb,"13371-14 Eastlake Blvd Suite 207, El Paso, TX 79928, USA",4.9,1072,0,false,false,google
00fccaf8-601b-4ad9-a0d1-d23b9bbcd8f9,Oasis Dental,dentist,US,El Paso,+1 915-213-7361,https://www.oasisdentalep.com/location/el-paso-drive,"5340 El Paso Dr Suite K, El Paso, TX 79905, USA",4.9,444,0,false,false,google
6fe84770-be6f-4ee3-8d7a-03a69528e4bb,Smile Magic of El Paso Zaragoza,dentist,US,El Paso,+1 915-201-2610,https://mysmilemagic.com/locations/el-paso-zaragoza/,"500 N Zaragoza Rd Suite K, El Paso, TX 79907, USA",4.8,1860,0,false,false,google
b1b2be2d-dafd-4f35-b304-a9be6016b396,Caribbean Dental,dentist,US,El Paso,+1 915-308-1089,https://eptxdental.com/,"10705 Gateway Blvd W Suite J, El Paso, TX 79935, USA",4.9,792,0,false,false,google
31653623-6d5a-42d2-ad4f-04b2269e2915,"Affordable El Paso Family Dental & Associates, Inc.",dentist,US,El Paso,+1 915-595-6680,https://www.affordabledentalassociates.com/,"1861 Robert Wynn St suite d, El Paso, TX 79936, USA",4.7,603,0,false,false,google
ad6924e8-4274-4946-be49-8b39f1539dae,Advanced Dentistry of El Paso,dentist,US,El Paso,+1 915-205-3500,https://www.advanceddentistryeptx.com/,"12261 Eastlake Blvd Suites E507 & E508, El Paso, TX 79928, USA",5,657,0,false,false,google
0dfc825f-4bfd-4908-ad94-3e0baaadcfc0,"El Paso Quality Dentistry, P.A.",dentist,US,El Paso,+1 915-581-6675,http://www.elpasoqualitydentistry.com/,"9398 Viscount Blvd Suite 1 B, El Paso, TX 79925, USA",4.9,352,0,false,false,google
9494f8dd-ff3e-47d9-a7bd-ead75d3ccec9,Sol Dental,dentist,US,El Paso,+1 915-599-9192,http://www.soldentalcare.com/,"1188 N Yarbrough Dr a, El Paso, TX 79925, USA",4.6,754,0,false,false,google
001e4999-fa4c-412a-8b68-8f51bcda1470,Pershing Family Dental,dentist,US,El Paso,+1 915-206-5735,https://www.pershingfamilydental.com/?utm_source=local&utm_medium=organic&utm_campaign=gmb,"3501 Pershing Dr, El Paso, TX 79903, USA",4.8,1030,0,false,false,google
ef9d52ab-cbbf-4ce0-8816-c86dc66d88ae,El Paso Modern Dentistry,dentist,US,El Paso,+1 915-581-4440,http://www.elpasomoderndentistry.com/,"210 Thunderbird Dr Ste X, El Paso, TX 79912, USA",4.9,626,0,false,false,google
8290a9df-54f5-4197-94b5-275118ebc12b,Smile Straight Orthodontics - Zaragoza,orthodontist,US,El Paso,+1 915-857-9700,https://epsmiles.com/zaragoza-office?utm_source=google&utm_medium=organic&utm_campaign=profile+zaragoza,"1502 N Zaragoza Rd B, El Paso, TX 79936, USA",4.9,1030,0,false,false,google
46af2653-a8ad-4d56-922c-76757943ac70,JT Orthodontics,orthodontist,US,El Paso,+1 915-581-5476,https://jtorthodontics.com/?utm_source=gbp&utm_medium=organic&utm_campaign=west,"5551 N Mesa St suite a, El Paso, TX 79912, USA",4.9,646,0,false,false,google
9638338d-f9c2-41dd-9cb2-7da0dad91adf,SmileLife Orthodontics,orthodontist,US,El Paso,+1 915-849-9400,https://smilelifebraces.com/,"1971 N Zaragoza Rd A, El Paso, TX 79938, USA",4.9,925,0,false,false,google
86a7822b-5685-4736-acf1-4f7ad91fa176,El Paso Family Orthodontics,orthodontist,US,El Paso,+1 915-307-9688,https://epfamilyorthodontics.com/,"5925 Cromo Dr, El Paso, TX 79912, USA",4.8,160,0,false,false,google
14342946-ff2f-42b6-822b-5626b1ebb8b5,Smile Straight Orthodontics - Dyer,orthodontist,US,El Paso,+1 915-217-2648,https://epsmiles.com/dyer-office?utm_source=google&utm_medium=organic&utm_campaign=profile+dyer,"9813 Dyer St Ste 100, El Paso, TX 79924, USA",4.9,764,0,false,false,google
b5e978cd-0747-46f8-860e-17df21cfcba0,Smiles Orthodontics,orthodontist,US,El Paso,+1 915-585-8595,http://www.smiles-orthodontics.com/,"855 N Resler Dr Ste A, El Paso, TX 79912, USA",5,529,0,false,false,google
ea51883c-4102-4c27-88e5-8918c8b48db9,Rivera Orthodontics & Associates,orthodontist,US,El Paso,+1 915-592-5853,https://www.riveraorthodontics.com/contact/east-location/,"1514 N Zaragoza Rd Ste A2, El Paso, TX 79936, USA",4.8,64,0,false,false,google
e02a53b7-62a0-4815-99ee-4081dce59e41,Smile 4 Less Orthodontics Horizon El Paso,orthodontist,US,El Paso,+1 915-304-3090,http://www.smile4lessbraces.com/,"13468 Eastlake Blvd, El Paso, TX 79928, USA",5,43,0,false,false,google
57d55588-807a-4db0-9456-5a51126b3fbe,Gross Orthodontics,orthodontist,US,El Paso,+1 915-615-6767,http://grossorthodontics.com/,"6901 Helen of Troy Dr Suite D-1, El Paso, TX 79911, USA",5,185,0,false,false,google
1c96bb1e-a0c5-432e-b4fb-2e66a4b6c44a,Smile Magic of El Paso Zaragoza,orthodontist,US,El Paso,+1 915-201-2610,https://mysmilemagic.com/locations/el-paso-zaragoza/,"500 N Zaragoza Rd Suite K, El Paso, TX 79907, USA",4.8,1860,0,false,false,google
36b80604-0800-4bb9-bc24-ff0f11d2a472,Smile Professionals of El Paso,orthodontist,US,El Paso,+1 915-493-2699,https://www.smileprofessionalsofelpaso.com/,"700 N Zaragoza Rd Ste T, El Paso, TX 79907, USA",4.6,157,0,false,false,google
4643b601-757d-45ae-b58f-6dcff76ee1c1,El Paso Cosmetic Surgery,plastic_surgery,US,El Paso,+1 915-351-1116,https://www.elpasoplasticsurgery.com/?utm_source=google&utm_medium=organic&utm_campaign=gmb,"651 S Mesa Hills Dr, El Paso, TX 79912, USA",4.9,1289,0,false,false,google
f436a912-70ed-4f90-99c4-3420201649be,Dr. Mark Jabor – Plastic Surgeon,plastic_surgery,US,El Paso,+1 915-543-5600,http://www.elpasoplasticsurgery.org/doctor/mark-a-jabor-md-el-paso-texas-plastic-surgeon,"5664 N Mesa St, El Paso, TX 79912, USA",4.9,316,0,false,false,google
308013d6-01c4-45ec-9115-b0e506129043,"Frank Agullo, MD",plastic_surgery,US,El Paso,+1 915-590-7900,https://www.agulloplasticsurgery.com/?y_source=1_OTg4NzIzNS03MTUtbG9jYXRpb24ud2Vic2l0ZQ%3D%3D,"1387 George Dieter Dr Bldg C301, El Paso, TX 79936, USA",5,691,0,false,false,google
aeee6f7d-c444-4e74-9eb8-88a543547916,"R. Dale Reynolds, MD - Cosmetic Surgery and Laser Centers of El Paso- Eastside",plastic_surgery,US,El Paso,+1 915-855-7800,https://www.elpasoplasticsurgery.org/,"1512 N Zaragoza Rd, El Paso, TX 79936, USA",4.8,185,0,false,false,google
3b51e04e-56a1-427a-b56d-cb234a604b01,"Dr. G - Marco A. Gonzalez, Plastic Surgeon El Paso",plastic_surgery,US,El Paso,+1 915-600-2639,https://www.plasticsurgeryelpaso.net/?y_source=1_MTA1NjU3OTIyNi03MTUtbG9jYXRpb24ud2Vic2l0ZQ==,"1480 Redd Rd, El Paso, TX 79911, USA",4.8,226,0,false,false,google
16997029-2126-4a9e-8e3c-fc0ec842b15e,Cosmetic Surgery & Laser Center of El Paso,plastic_surgery,US,El Paso,+1 915-543-5600,https://www.elpasoplasticsurgery.org/,"5664 N Mesa St, El Paso, TX 79912, USA",4.6,99,0,false,false,google
1df31060-92f2-4fa9-bb83-6b28f31c61ce,Dr. R. Dale Reynolds: Cosmetic Surgery & Laser Centers of El Paso-West side,plastic_surgery,US,El Paso,+1 915-543-5600,https://www.elpasoplasticsurgery.org/doctor/dr-reynolds-el-paso-texas-plastic-surgeon/,"5664 N Mesa St, El Paso, TX 79912, USA",4.8,90,0,false,false,google
7d1ee0b8-57f8-4c48-a3ef-eff3d7fb6a2d,Shawn Diamond MD FACS Plastic Surgeon,plastic_surgery,US,El Paso,+1 915-215-5300,https://ttpelpaso.com/providers/Shawn_Diamond.aspx,"4801 Alberta Ave, El Paso, TX 79905, USA",4.9,46,0,false,false,google
67ba56f6-e4eb-403d-ac93-87f357f25c8d,SkinSational MedSpa,plastic_surgery,US,El Paso,+1 915-213-6930,https://skinsationalep.com/,"7400 Viscount Blvd Ste 115, El Paso, TX 79925, USA",4.9,524,0,false,false,google
8ae727fd-9a9e-45ba-bab5-cfb0a99c2a70,Francisco Agullo,plastic_surgery,US,El Paso,,,"10175 Gateway Blvd W, El Paso, TX 79925, USA",5,2,0,false,false,google
33ca1dba-c748-4cc0-ba52-d6d7b778d07f,Rie Grupo Dental,dentist,MX,Juárez,+52 656 679 8900,http://www.riegrupodental.com/,"Blvd. Teófilo Borunda #8670, Partido Iglesias, 32528 Juárez, Chih., Mexico",4.9,582,0,false,false,google
054de4d1-cbc8-4739-9309-b2f51ea1cc44,ValSo Smile Design by Dra. Janeth Valenzuela,dentist,MX,Juárez,+52 656 114 0756,https://www.doctoralia.com.mx/janeth-valenzuela/dentista-odontologo/ciudad-juarez?utm_source=google&utm_medium=gmb&utm_campaign=280375&utm_content=website,"Rio Chuviscar 1190, Los Nogales, 32350 Juárez, Chih., Mexico",5,151,0,false,false,google
e82b5f06-5a6d-474f-b776-6442cf4d81b8,Clínica Dental Laser,dentist,MX,Juárez,+52 656 618 3202,https://dentallaser.com.mx/,"Av. P.º de la Victoria 4370-Suite 417 y 418, Partido Iglesias, 32618 Juárez, Chih., Mexico",4.9,49,0,false,false,google
e87afefb-7248-44ed-b9d1-f86500cb2f55,Fara Dental - Dentista Cd Juárez,dentist,MX,Juárez,+52 656 634 9717,,"Av. Ejército Nacional 7258, Pradera Dorada, 32618 Juárez, Chih., Mexico",4.8,92,0,false,false,google
ea3f552c-681b-425f-b299-49c76681d493,DentalTec,dentist,MX,Juárez,+52 656 617 1773,http://www.grupodentaltec.com/,"Av Tecnologico 1337, Los Olmos Tec N-B, Olmos Tecnológico, 32310 Juárez, Chih., Mexico",4.9,256,0,false,false,google
a35f1fc2-044a-46d1-9878-256de5af1f9d,JT Orthodontics: East El Paso Location,orthodontist,US,El Paso,+1 915-855-6616,https://jtorthodontics.com/?utm_source=gbp&utm_medium=organic&utm_campaign=east,"3030 Trawood Dr, El Paso, TX 79936, USA",4.9,591,0,false,false,google
d5f5fd1b-1d97-4317-a719-5fd2c2496a48,SmileLife Orthodontics,orthodontist,US,El Paso,+1 915-755-7900,https://smilelifebraces.com/,"7878 Gtwy Blvd E Suite 300, El Paso, TX 79915, USA",4.7,489,0,false,false,google
37ef33f7-1f94-4aba-b09e-96dc121267e5,Smile Straight Orthodontics - Sunland Park,orthodontist,US,El Paso,+1 915-504-6868,https://epsmiles.com/sunland-office?utm_source=google&utm_medium=organic&utm_campaign=profile+sunland,"720 Sunland Park Dr, El Paso, TX 79912, USA",4.9,536,0,false,false,google
e3d88ad7-bf87-4955-86e5-88bf497a3ef5,Mejia-Maidl Orthodontics,orthodontist,US,El Paso,+1 915-500-5602,http://www.mejiaorthodontics.com/,"9130 Viscount Blvd, El Paso, TX 79925, USA",4.4,206,0,false,false,google
a6e28ab5-6eab-41c8-b6e3-26625d9e5710,Smile 4 Less Orthodontics West El Paso,orthodontist,US,El Paso,+1 915-219-7698,https://smile4lessbraces.com/,"7480 Remcon Cir, El Paso, TX 79912, USA",4.9,53,0,false,false,google
f413411e-54e0-4472-bd94-024893b6d8ce,Gaynier Orthodontics,orthodontist,US,El Paso,+1 915-755-8407,https://www.orthodonticselpaso.com/,"9101 Dyer St #101, El Paso, TX 79924, USA",4.9,430,0,false,false,google
04cb6518-b187-4909-9f80-9f248981d564,Smile 4 less Orthodontist East El Paso,orthodontist,US,El Paso,+1 915-304-3090,http://www.smile4lessbraces.com/,"12244 Montana Ave, El Paso, TX 79938, USA",4.7,301,0,false,false,google
9572e4dd-81f9-4ae7-8eb4-f420d3314b78,Rivera Orthodontics,orthodontist,US,El Paso,+1 915-585-7550,https://www.riveraorthodontics.com/,"7482 Paseo del Norte, El Paso, TX 79911, USA",4.9,79,0,false,false,google
0c02e0e3-05b7-46d2-aade-7f444a8fab44,Hansen Orthodontics & Aesthetics,orthodontist,US,El Paso,+1 915-201-0881,https://www.hansen-orthodontics.com/,"7340 Cimarron Market Ave Building B, El Paso, TX 79912, USA",5,83,0,false,false,google
9f5277e0-2fd4-4025-89eb-f01de9549d49,"Ozan Sozer, MD El Paso Cosmetic Surgery",plastic_surgery,US,El Paso,+1 915-351-1116,https://www.elpasoplasticsurgery.com/dr-ozan-sozer,"651 S Mesa Hills Dr, El Paso, TX 79912, USA",4.9,920,0,false,false,google
c4d92420-0e35-455f-bb46-bc51c37a3332,Southwest Plastic Surgery,plastic_surgery,US,El Paso,+1 915-590-7900,http://www.swplasticsurgery.com/,"1387 George Dieter Dr Bldg C301, El Paso, TX 79936, USA",5,394,0,false,false,google
0beaf769-d524-4966-af0d-52c5ad1d8ce1,"Dr. Mark A. Jabor, MD",plastic_surgery,US,El Paso,+1 915-543-5600,https://www.elpasoplasticsurgery.org/doctor/mark-a-jabor-md-el-paso-texas-plastic-surgeon/,"1512 N Zaragoza Rd, El Paso, TX 79936, USA",5,133,0,false,false,google
f9e0c627-b34e-4b12-a6f1-a2919bf07e7e,"Jaime Aburto, MD, FACS",plastic_surgery,US,El Paso,+1 915-543-5600,http://www.elpasoplasticsurgery.org/,"5664 N Mesa St, El Paso, TX 79912, USA",4.9,178,0,false,false,google
3844e16e-ad63-4215-be2b-a64efdeecf46,"Anh Lee MD, PA",plastic_surgery,US,El Paso,+1 915-351-9000,http://www.dranhlee.com/,"1141 Caper Rd, El Paso, TX 79925, USA",4.5,153,0,false,false,google
7a7786fd-7fa4-4695-8b88-d3e2b65ffd4c,Med Glow PLLC,plastic_surgery,US,El Paso,+1 915-299-1133,https://medglowcare.com/,"6060 Surety Dr # 230, El Paso, TX 79905, USA",5,29,0,false,false,google
e0445c32-9411-42a0-b94a-ce20266f3cd0,The MedSpa at Southwest Plastic Surgery West,plastic_surgery,US,El Paso,+1 915-590-7907,http://www.swplasticsurgery.com/,"5925 Silver Springs Dr suite c, El Paso, TX 79912, USA",4.9,168,0,false,false,google
0397e1e3-1b94-4046-929e-05e430a09301,"Pedro Chavez, MD/Plastic Surgery Associates P Chavez",plastic_surgery,US,El Paso,+1 915-533-0269,https://www.chavezplasticsurgery.com/,"1517 N Mesa St, El Paso, TX 79902, USA",4.3,24,0,false,false,google
ed3b0805-e0d7-4b6a-b0b0-90f54bcebdb1,Cosmetic Surgery and Laser Center of El Paso,plastic_surgery,US,El Paso,+1 915-855-7800,http://www.elpasoplasticsurgery.org/,"1512 N Zaragoza Rd #3, El Paso, TX 79936, USA",4.6,22,0,false,false,google
8b780fde-24f0-4e73-95a7-67fb75839965,Dr. Sadri Sozer,plastic_surgery,US,El Paso,+1 915-351-1116,https://www.elpasoplasticsurgery.com/about-us/dr-ozan-sozer/,"651 S Mesa Hills Dr Ste 1, El Paso, TX 79912, USA",5,2,0,false,false,google
d7f9623c-e8b3-422e-a2f6-552552465fae,Dentist Cd Juarez - Creadent,dentist,MX,Juárez,,,"Plaza Alsega, Av. Ejército Nacional 8140-B-local 6, Pradera Dorada, 32618 Juárez, Chih., Mexico",4.9,83,0,false,false,google
80bfc40d-8bac-49f1-ab38-2abb32fd3117,DENTAL SIGN,dentist,MX,Juárez,+52 656 251 7556,http://www.dentalsign.com/,"Avenida de la Raza 5404, Plaza Tres 08, La Fuente, 32600 Juárez, Chih., Mexico",4.9,622,0,false,false,google
df5e1c9c-e444-487e-96e2-ba9e129b9af7,Dental Da Vinci,dentist,MX,Juárez,+1 915-300-8155,,"Av. Paseo Triunfo de la República 4513, Monumental, 32310 Juárez, Chih., Mexico",4.8,204,0,false,false,google
e626327a-a9a1-4227-85e1-e9a6f0725127,International X Dental Clinic,dentist,MX,Juárez,+52 656 634 0040,http://internationalx.dental/,"plaza bistro, Av. Campos Eliseos 9388-Local 6, Campos Elíseos, 32473 Juárez, Chih., Mexico",5,1172,0,false,false,google
db0dbbca-0e39-4741-91a9-c2aefe180622,Advanced Dental Care,dentist,MX,Juárez,+1 915-356-7597,http://www.adcdentistry.com/,"Av. Abraham Lincoln 1198, Córdova Americas, 32600 Juárez, Chih., Mexico",4.9,150,0,false,false,google
ffa90483-4942-489b-ad67-03c48bc0e5b3,GASA,dentist,MX,Juárez,+52 656 616 3011,http://gasamd.com/,"Plaza El Camino, Av. Ejército Nacional 7695, Edificio E, Local 4, Col, Del Márquez, 32607 Juárez, Chih., Mexico",4.9,119,0,false,false,google
e98c1f39-2907-4744-8efb-02721eff07fb,CLINICA DENTAL 100% Cd. Juárez Chih.,dentist,MX,Juárez,+52 656 527 8185,https://www.facebook.com/profile.php?id=100016451748442,"C. Cam. Viejo a San José 7811-Local 3, Partido Iglesias, 32528 Juárez, Chih., Mexico",5,86,0,false,false,google
6074c114-8a6d-49f2-98d3-f397c8a7c9ae,NEXUS FAMILY DENTAL,dentist,MX,Juárez,+52 656 550 8978,https://www.facebook.com/NEXUSSDENTAL/,"Av. Ejército Nacional 7702, Pradera Dorada, 32618 Juárez, Chih., Mexico",5,38,0,false,false,google
1db3f7ea-165f-4d97-8b6f-5fa72c198295,Clínica Gidental Odontología Especializada,dentist,MX,Juárez,+52 656 863 6705,,"Rancho el 24 3128-local 2, Pradera Dorada, 32618 Juárez, Chih., Mexico",5,40,0,false,false,google
17b44f35-4f64-4772-8d82-4cfb30ccc839,Dra. Martha Araceli Pardavell Ariceaga,dentist,MX,Juárez,+52 656 311 0878,,"Av. P.º de la Victoria 3560-Local 104, Partido Senecú, 32570 Juárez, Chih., Mexico",5,20,0,false,false,google
028316d6-da48-41d3-be1d-dc5e8ed65073,IMAGEN DENTAL DE CD JUÁREZ,dentist,MX,Juárez,+52 656 378 0881,,"Blvd. Manuel Gómez Morín 8704-12B, Arroyos del Paraíso, 32459 Juárez, Chih., Mexico",4.7,12,0,false,false,google
a603d2dc-f552-4355-914c-ee6423850c2e,Clínica Dental App,dentist,MX,Juárez,+52 656 753 9457,,"Av Valentín Fuentes Varela 2654, Infonavit, Casas Grandes, 32600 Juárez, Chih., Mexico",4.9,33,0,false,false,google
601d0419-3575-4b00-9f06-5dbf7905e7ac,Dr. Carlos Alberto Soto Medina - Face & Body,plastic_surgery,MX,Juárez,+52 656 617 1321,http://www.renew.clinic/,"C. Pedro Rosales de León 7510, Fuentes del Valle, 32500 Juárez, Chih., Mexico",4.9,200,0,false,false,google
54378dea-9880-4d3a-a9c8-3c1c969c88e7,Dr. David Flores Soto Plastic Surgery,plastic_surgery,MX,Juárez,+52 656 833 6608,,"Av. Plutarco Elías Calles 1921, Jardines de San José, 32683 Juárez, Chih., Mexico",5,64,0,false,false,google
1acad71f-d67d-4384-b6bb-99586a2c99be,Dr. Reginaldo Hernandez | Cirujano Gastroenterólogo en Cd. Juárez,plastic_surgery,MX,Juárez,+52 656 422 4651,https://drreginaldohernandez.com/cirujano-general-en-cd-juarez/,"Av. Campos Eliseos 9371-Consultorio 205, Campos Elíseos, 32472 Juárez, Chih., Mexico",4.9,73,0,false,false,google
2dd201de-30f4-469a-9f28-645423c9100c,Dr. Angel Alvarez Regil-Clínica Juárez Lazer,plastic_surgery,MX,Juárez,+1 915-400-9915,https://juarezplasticsurgery.com/,"C. Pedro Rosales de León 7510-111, Fuentes del Valle, 32500 Juárez, Chih., Mexico",5,33,0,false,false,google
ae4441ef-6ffb-4f6b-81af-bae54a733294,"Dr. Hugo Rodríguez - Cirugía plástica, estética y Reconstructiva",plastic_surgery,MX,Juárez,+52 656 597 5792,http://www.rodriguezplasticsurgery.com/,"Av. de Las Americas 201, Margaritas, 32300 Juárez, Chih., Mexico",4.8,40,0,false,false,google
0dc0241a-bf75-4644-9da7-8b6380029919,Rinofast Juárez,plastic_surgery,MX,Juárez,+1 915-223-5982,https://www.rinofastjuarez.com/,"Av. Abraham Lincoln 793, Zona Pronaf Condominio La Plata, 32600 Juárez, Chih., Mexico",4.2,57,0,false,false,google
7c828e19-50b6-4011-8ea3-6ffbcb4057b8,Facemaker Cirugía Plástica,plastic_surgery,MX,Juárez,+52 656 852 8995,https://www.instagram.com/facemaker_juarez?igsh=N2ZuMnE3czVpc2U4,"Ignacio Ramírez 445, Margaritas, 32300 Juárez, Chih., Mexico",5,12,0,false,false,google
d626ebd2-c108-48e6-bbb2-d834d655c191,Plastic Surgery - Medical Tourism,plastic_surgery,MX,Juárez,+52 656 616 2420,https://www.medicaltourismex.com/specialties/plastic-surgery/ciudad-juarez-clinic,"Pedro S. Varela 3007, Zona Pronaf Condominio La Plata, 32317 Juárez, Chih., Mexico",5,1,0,false,false,google
6f824c90-cfb8-40ef-8009-f77accadd916,DR. FERNANDO GAMBOA,plastic_surgery,MX,Juárez,+52 656 616 1685,https://www.drfernandogamboa.com/,"CAMPOS ELISEOS #9371 Int:, Av. Campos Eliseos 710, Campos Elíseos, 32472 Juárez, Chih., Mexico",4.7,12,0,false,false,google
7fbd1efa-650b-4ac6-88ec-84ab2f99ac2a,DR. J. RAYMUNDO HOLGUIN,plastic_surgery,MX,Juárez,+52 656 648 0803,http://drraymundoholguinjuarez.com/,"PASEO DE LA VICTORIA #4370, Int: 803, Partido Iglesias, 32528 Juárez, Chih., Mexico",1.8,5,0,false,false,google
f58dc9e4-ceb2-4746-bda5-fcc7bc0f4f40,Nucleo Dental,dentist,MX,Juárez,+1 915-308-0101,https://www.nucleodental.com/,"Bulevar Tomás Fernández 7803-Int. 02, Los Cisnes, Col Los Parques, 32440 Juárez, Chih., Mexico",4.2,74,0,false,false,google
3ae5d5b3-bb06-4978-8e9d-006c611a8519,Dental Health Care,dentist,MX,Juárez,+52 656 415 9858,https://dentalhealthcarejrz.com/,"C. Tepeyac 2837, Americas, 32300 Juárez, Chih., Mexico",4.9,88,0,false,false,google
8e557ded-93e7-4ddf-a287-2d408799bef4,Dental Alameda,dentist,MX,Juárez,,,"Cam. Viejo a San José 5521, Benito Juárez, 32315 Juárez, Chih., Mexico",5,78,0,false,false,google
e3e97016-4389-4f7a-b7fa-9103d75e3991,Plastic Surgery Dr Mario Luis Pineda Moreno,plastic_surgery,MX,Juárez,+52 656 788 5720,http://www.doctormariopineda.com/,"Av. P.º de la Victoria 4370, Partido Iglesias, 32618 Juárez, Chih., Mexico",4.8,110,0,false,false,google
9e7d8005-676d-4aca-8fd5-86af14c5714e,Dr. Carlos Javier Ocando - Cirujano Plastico Cd Juarez | Lipoescultura | Mommy Makeover | Aumento de Busto,plastic_surgery,MX,Juárez,,,"Av. Campos Eliseos 9050, Campos Elíseos, Supermanzana Interior E-4, Edificio, Plaza Barrancas, 32472 Juárez, Chih., Mexico",4.9,50,0,false,false,google
f043aa4d-7592-459b-9429-ec5127d29842,Dra. Abril Peralta ¦ Cirujano Plastico en Cd Juarez,plastic_surgery,MX,Juárez,+52 656 587 3544,https://t.link/dra.peralta.enriquez.cper,"Av. P.º de la Victoria Supermanzana Hospital, Partido Iglesias, 32618 Juárez, Chih., Mexico",5,25,0,false,false,google
e60e7635-be7e-4a2f-b2be-5c077bc4602a,Dr. Armando Zuñiga Domínguez cirujano plástico cd Juárez,plastic_surgery,MX,Juárez,+52 656 598 3699,https://drarmandozunigacirujanoplasticocdjuarez.com/,"C. Pedro Rosales de León 7510, Fuentes del Valle, 32500 Juárez, Chih., Mexico",4.8,32,0,false,false,google
8799ff15-eea3-4f74-88ea-4d9367f08233,Cirujano Plastico Certificado Dr Carlos Arciniega,plastic_surgery,MX,Juárez,+52 656 613 3709,https://www.facebook.com/Dr.ArciCirujanoPlastico,"Hospital Centro Medico de Especialidades Consultorio 409 en el Cuarto Piso, Av. de Las Americas 201, Margaritas, 32300 Juárez, Chih., Mexico",4.7,12,0,false,false,google
43b1a164-8763-4e1a-adf8-57bbf561275e,Cirugía de nariz Ciudad Juárez Dr. Febronio López Vitoláss,plastic_surgery,MX,Juárez,+52 656 557 3959,https://www.facebook.com/top1rhinoplastygroup,"Campos Eliseos, Av. Campos Eliseos 9371, Campos Elíseos, 32472 Juárez, Chih., Mexico",5,74,0,false,false,google
6f2357fb-e2f4-42c7-9437-cf60810f92c0,Opera Aesthetic Clinic - Clinica Estetica Ciudad Juárez,plastic_surgery,MX,Juárez,+52 656 801 3927,http://www.operaclinic.com.mx/,"Av. de Las Americas 212, Margaritas, 32000 Juárez, Chih., Mexico",4.8,71,0,false,false,google
e4630c8e-5109-4747-92fc-98fcbcb278c6,Dr. Alejandro Guerrero Reyes Cirujano Plastico y Reconstructivo,plastic_surgery,MX,Juárez,+52 656 611 6185,,"MANUEL, Blvd. Manuel Gómez Morín 9351, Campestre Sur, 32330 Juárez, Chih., Mexico",5,2,0,false,false,google
fe58d412-62e7-4368-83f4-dc541c11c884,Otorrinolaringólogo y Cirugía Plástica Facial en Cd. Juárez - Dra. Patricia Guerrero,plastic_surgery,MX,Juárez,,https://rinoplastiajuarez.com/,"Av. de Las Americas 201, Margaritas, 32315 Juárez, Chih., Mexico",4.9,42,0,false,false,google
bc6b7aae-5748-40d4-9d4d-5f786687dc59,The Dune Plastic Surgery and Aesthetic Center,plastic_surgery,MX,Juárez,+52 656 762 8589,,"C. Ing. David Herrera Jordán 2645-6, Chamizal, 32010 Juárez, Chih., Mexico",5,5,0,false,false,google
a281f3af-2d94-4f47-8716-5d1ee82079c3,East El Paso Dentist,dentist,US,El Paso,+1 915-621-5003,https://eastelpasodentist.com/?utm_source=local&utm_medium=organic&utm_campaign=gmb,"14240 Edgemere Blvd Suite 105, El Paso, TX 79938, USA",4.9,2486,0,false,false,google
c31d3ff9-422f-4ddb-b105-e4d0c2c5d5f1,Aventura Dental,dentist,US,El Paso,+1 915-591-9999,http://www.aventuradentalelpaso.com/,"2200 N Yarbrough Dr suite n, El Paso, TX 79925, USA",4.9,1457,0,false,false,google
959a5eee-7bcd-4dec-a0c1-87a7a6f8a3e1,Valley Dental Care,dentist,US,El Paso,+1 915-598-7100,https://valleydentalcareep.com/?utm_source=local&utm_medium=organic&utm_campaign=gmb,"7505 N Loop Dr, El Paso, TX 79915, USA",4.9,3789,0,false,false,google
0231201c-5007-4ea6-850b-0b020342f7e1,Dyer Dental Care,dentist,US,El Paso,+1 915-320-9733,https://dyerdentalcareep.com/?utm_source=local&utm_medium=organic&utm_campaign=gmb,"3932 Fort Blvd, El Paso, TX 79930, USA",4.9,1300,0,false,false,google
fbf03ea7-f4d1-493b-a486-4381315bf573,Agave Dental Care,dentist,US,El Paso,+1 915-285-1600,https://www.agavedentalcarenortheast.com/,"8815 Dyer St # 210, El Paso, TX 79904, USA",4.9,2678,0,false,false,google
162b1779-ac82-497c-a24e-b7623e5d46d2,Smile Magic of El Paso Montana,dentist,US,El Paso,+1 915-201-4328,https://mysmilemagic.com/locations/el-paso-montana/,"5150 Montana Ave, El Paso, TX 79903, USA",4.8,2777,0,false,false,google
2ba1bc7b-0afc-4643-880a-826fc9722576,El Paso Family Dental,dentist,US,El Paso,+1 915-585-2020,https://www.elpasofamilydentalcare.com/?utm_source=gmb&utm_medium=organic,"965 Resler Dr #105, El Paso, TX 79912, USA",4.9,570,0,false,false,google
e3d6ac3c-7d99-4ba0-bc31-d7d19ec794eb,Southwest Celebrity Smiles,dentist,US,El Paso,+1 915-351-5048,https://mycelebritysmiles.com/?utm_source=local&utm_medium=organic&utm_campaign=gmb,"9515 Gateway Blvd W Suite B, El Paso, TX 79925, USA",4.9,2872,0,false,false,google
c08484f8-e751-4a72-9941-af9983955ee3,"Dentist Near Me - El Paso, TX Dental Office",dentist,US,El Paso,+1 915-219-4632,https://dentistnearmeep.com/?utm_source=local&utm_medium=organic&utm_campaign=gmb,"13371-14 Eastlake Blvd Suite 207, El Paso, TX 79928, USA",4.9,1072,0,false,false,google
f0541bad-bf1c-45e9-a95e-b6b4eadd8876,Oasis Dental,dentist,US,El Paso,+1 915-213-7361,https://www.oasisdentalep.com/location/el-paso-drive,"5340 El Paso Dr Suite K, El Paso, TX 79905, USA",4.9,444,0,false,false,google
1976124c-73a9-4494-ad57-4e2fcaecd2a8,The Dentist,dentist,US,El Paso,+1 915-228-3084,https://thedentistelpaso.com/?utm_source=local&utm_medium=organic&utm_campaign=gmb,"3060 Joe Battle Blvd, El Paso, TX 79938, USA",4.9,2704,0,false,false,google
e9417b3c-6e76-4e9e-8fb7-157181d3a4f1,Smile Magic of El Paso Zaragoza,dentist,US,El Paso,+1 915-201-2610,https://mysmilemagic.com/locations/el-paso-zaragoza/,"500 N Zaragoza Rd Suite K, El Paso, TX 79907, USA",4.8,1860,0,false,false,google
3e2d051b-cbec-421e-81e9-a2afdf885d54,Caribbean Dental,dentist,US,El Paso,+1 915-308-1089,https://eptxdental.com/,"10705 Gateway Blvd W Suite J, El Paso, TX 79935, USA",4.9,792,0,false,false,google
fadea311-8b35-459c-a078-f556e8a1f012,"El Paso Quality Dentistry, P.A.",dentist,US,El Paso,+1 915-581-6675,http://www.elpasoqualitydentistry.com/,"9398 Viscount Blvd Suite 1 B, El Paso, TX 79925, USA",4.9,352,0,false,false,google
09253118-03f2-4e3e-8c5f-e1a3ce3da7c4,Sol Dental,dentist,US,El Paso,+1 915-599-9192,http://www.soldentalcare.com/,"1188 N Yarbrough Dr a, El Paso, TX 79925, USA",4.6,754,0,false,false,google
0d26a2fb-9ff1-41aa-9953-31ee2541fc16,Pershing Family Dental,dentist,US,El Paso,+1 915-206-5735,https://www.pershingfamilydental.com/?utm_source=local&utm_medium=organic&utm_campaign=gmb,"3501 Pershing Dr, El Paso, TX 79903, USA",4.8,1030,0,false,false,google
f6ecfefd-ee09-44db-8781-97b72ffefeeb,"Affordable El Paso Family Dental & Associates, Inc.",dentist,US,El Paso,+1 915-595-6680,https://www.affordabledentalassociates.com/,"1861 Robert Wynn St suite d, El Paso, TX 79936, USA",4.7,603,0,false,false,google
47a40e6b-5aab-4355-b772-45b2fa948760,El Paso Modern Dentistry,dentist,US,El Paso,+1 915-581-4440,http://www.elpasomoderndentistry.com/,"210 Thunderbird Dr Ste X, El Paso, TX 79912, USA",4.9,626,0,false,false,google
8311e737-2f7c-40d8-94d0-b036b2b11d61,Gateway Family Dental,dentist,US,El Paso,+1 915-336-0828,https://www.gatewaydentalep.com/,"5939 B, Gateway Blvd W, El Paso, TX 79925, USA",4.9,241,0,false,false,google
5598b975-e591-4f0e-bde3-ad5f21b07046,"Awesome Smiles | El Paso, TX",dentist,US,El Paso,+1 915-772-4740,https://awesomesmilesep.com/,"7400 Viscount Blvd Suite 103, El Paso, TX 79925, USA",4.8,259,0,false,false,google
b26ee68c-8c5d-4544-81ef-0aa60b9ab8fa,Smile Straight Orthodontics - Zaragoza,orthodontist,US,El Paso,+1 915-857-9700,https://epsmiles.com/zaragoza-office?utm_source=google&utm_medium=organic&utm_campaign=profile+zaragoza,"1502 N Zaragoza Rd B, El Paso, TX 79936, USA",4.9,1030,0,false,false,google
d3544d28-8375-4c0e-ba51-a3a1e5b49078,JT Orthodontics,orthodontist,US,El Paso,+1 915-581-5476,https://jtorthodontics.com/?utm_source=gbp&utm_medium=organic&utm_campaign=west,"5551 N Mesa St suite a, El Paso, TX 79912, USA",4.9,646,0,false,false,google
72e022f8-56fc-4924-b7fa-425ddf5a5b2d,SmileLife Orthodontics,orthodontist,US,El Paso,+1 915-849-9400,https://smilelifebraces.com/,"1971 N Zaragoza Rd A, El Paso, TX 79938, USA",4.9,925,0,false,false,google
68d08887-58cd-47c1-84dd-64eb19e7d4e8,JT Orthodontics: East El Paso Location,orthodontist,US,El Paso,+1 915-855-6616,https://jtorthodontics.com/?utm_source=gbp&utm_medium=organic&utm_campaign=east,"3030 Trawood Dr, El Paso, TX 79936, USA",4.9,591,0,false,false,google
f9552c5d-b627-40a1-84fa-06512c42af86,El Paso Family Orthodontics,orthodontist,US,El Paso,+1 915-307-9688,https://epfamilyorthodontics.com/,"5925 Cromo Dr, El Paso, TX 79912, USA",4.8,160,0,false,false,google
2e075985-58d2-45d4-9777-8f991f33a1f9,SmileLife Orthodontics,orthodontist,US,El Paso,+1 915-755-7900,https://smilelifebraces.com/,"7878 Gtwy Blvd E Suite 300, El Paso, TX 79915, USA",4.7,489,0,false,false,google
178a894d-3d21-4a84-9993-3a8877d840a6,Smile Straight Orthodontics - Dyer,orthodontist,US,El Paso,+1 915-217-2648,https://epsmiles.com/dyer-office?utm_source=google&utm_medium=organic&utm_campaign=profile+dyer,"9813 Dyer St Ste 100, El Paso, TX 79924, USA",4.9,764,0,false,false,google
8ddb039a-531d-458e-bcb1-0c51fe0b1081,Smile Straight Orthodontics - Sunland Park,orthodontist,US,El Paso,+1 915-504-6868,https://epsmiles.com/sunland-office?utm_source=google&utm_medium=organic&utm_campaign=profile+sunland,"720 Sunland Park Dr, El Paso, TX 79912, USA",4.9,536,0,false,false,google
6c3b0768-8aa4-40a3-99ff-a8e63db2274f,Smiles Orthodontics,orthodontist,US,El Paso,+1 915-585-8595,http://www.smiles-orthodontics.com/,"855 N Resler Dr Ste A, El Paso, TX 79912, USA",5,529,0,false,false,google
23f9125c-913b-439e-a658-5fe6bd30578a,Mejia-Maidl Orthodontics,orthodontist,US,El Paso,+1 915-500-5602,http://www.mejiaorthodontics.com/,"9130 Viscount Blvd, El Paso, TX 79925, USA",4.4,206,0,false,false,google
677cff9c-0e4e-4aa2-8bb1-ba34870701e8,Rivera Orthodontics & Associates,orthodontist,US,El Paso,+1 915-592-5853,https://www.riveraorthodontics.com/contact/east-location/,"1514 N Zaragoza Rd Ste A2, El Paso, TX 79936, USA",4.8,64,0,false,false,google
9af04213-5ff7-4120-b54a-4d0e05b2a930,Smile 4 Less Orthodontics West El Paso,orthodontist,US,El Paso,+1 915-219-7698,https://smile4lessbraces.com/,"7480 Remcon Cir, El Paso, TX 79912, USA",4.9,53,0,false,false,google
735f07a6-833b-48e1-a876-79d265a71bfd,Smile 4 Less Orthodontics Horizon El Paso,orthodontist,US,El Paso,+1 915-304-3090,http://www.smile4lessbraces.com/,"13468 Eastlake Blvd, El Paso, TX 79928, USA",5,43,0,false,false,google
88ef53c1-2251-4aa8-9473-98233be25acb,Gaynier Orthodontics,orthodontist,US,El Paso,+1 915-755-8407,https://www.orthodonticselpaso.com/,"9101 Dyer St #101, El Paso, TX 79924, USA",4.9,430,0,false,false,google
f44d1304-58df-407f-9512-5ddad359ac20,Gross Orthodontics,orthodontist,US,El Paso,+1 915-615-6767,http://grossorthodontics.com/,"6901 Helen of Troy Dr Suite D-1, El Paso, TX 79911, USA",5,185,0,false,false,google
669eaf45-a262-4bdb-bf31-0daef7e6a559,Smile 4 less Orthodontist East El Paso,orthodontist,US,El Paso,+1 915-304-3090,http://www.smile4lessbraces.com/,"12244 Montana Ave, El Paso, TX 79938, USA",4.7,301,0,false,false,google
a1691816-2afd-464b-88b6-a6ec4300f678,Rivera Orthodontics,orthodontist,US,El Paso,+1 915-585-7550,https://www.riveraorthodontics.com/,"7482 Paseo del Norte, El Paso, TX 79911, USA",4.9,79,0,false,false,google
508fb40e-a8ae-4468-813f-524ce16fbf33,Smile Professionals of El Paso,orthodontist,US,El Paso,+1 915-493-2699,https://www.smileprofessionalsofelpaso.com/,"700 N Zaragoza Rd Ste T, El Paso, TX 79907, USA",4.6,157,0,false,false,google
5d460e61-601e-4600-8a73-97d7feb40792,Gaynier Orthodontics,orthodontist,US,El Paso,+1 915-581-8152,https://www.orthodonticselpaso.com/,"824 E Redd Rd Ste 1-A, El Paso, TX 79912, USA",5,365,0,false,false,google
3d8d5647-173f-4061-93bd-7104133f92a1,El Paso Cosmetic Surgery,plastic_surgery,US,El Paso,+1 915-351-1116,https://www.elpasoplasticsurgery.com/?utm_source=google&utm_medium=organic&utm_campaign=gmb,"651 S Mesa Hills Dr, El Paso, TX 79912, USA",4.9,1289,0,false,false,google
02456532-1541-441b-9c46-14c554f99bc7,"Ozan Sozer, MD El Paso Cosmetic Surgery",plastic_surgery,US,El Paso,+1 915-351-1116,https://www.elpasoplasticsurgery.com/dr-ozan-sozer,"651 S Mesa Hills Dr, El Paso, TX 79912, USA",4.9,920,0,false,false,google
0c95a079-bbbb-4d7e-aa62-1ebcaa467d2f,Dr. Mark Jabor – Plastic Surgeon,plastic_surgery,US,El Paso,+1 915-543-5600,http://www.elpasoplasticsurgery.org/doctor/mark-a-jabor-md-el-paso-texas-plastic-surgeon,"5664 N Mesa St, El Paso, TX 79912, USA",4.9,316,0,false,false,google
4065b164-edd0-4842-a6fb-0d5e3f55847d,Southwest Plastic Surgery,plastic_surgery,US,El Paso,+1 915-590-7900,http://www.swplasticsurgery.com/,"1387 George Dieter Dr Bldg C301, El Paso, TX 79936, USA",5,394,0,false,false,google
7ec64474-3dd9-4805-b6f6-a984b56cd8f6,"Frank Agullo, MD",plastic_surgery,US,El Paso,+1 915-590-7900,https://www.agulloplasticsurgery.com/?y_source=1_OTg4NzIzNS03MTUtbG9jYXRpb24ud2Vic2l0ZQ%3D%3D,"1387 George Dieter Dr Bldg C301, El Paso, TX 79936, USA",5,691,0,false,false,google
508d04fb-5687-4202-b0a6-602fd94811a0,"Dr. Mark A. Jabor, MD",plastic_surgery,US,El Paso,+1 915-543-5600,https://www.elpasoplasticsurgery.org/doctor/mark-a-jabor-md-el-paso-texas-plastic-surgeon/,"1512 N Zaragoza Rd, El Paso, TX 79936, USA",5,133,0,false,false,google
b1023ea7-c4ef-4faf-ba90-b5a47e7d6803,"R. Dale Reynolds, MD - Cosmetic Surgery and Laser Centers of El Paso- Eastside",plastic_surgery,US,El Paso,+1 915-855-7800,https://www.elpasoplasticsurgery.org/,"1512 N Zaragoza Rd, El Paso, TX 79936, USA",4.8,185,0,false,false,google
b1ed15ce-ae88-4496-8622-9dba393ccffc,"Jaime Aburto, MD, FACS",plastic_surgery,US,El Paso,+1 915-543-5600,http://www.elpasoplasticsurgery.org/,"5664 N Mesa St, El Paso, TX 79912, USA",4.9,178,0,false,false,google
8912ab0b-2033-4c24-b1b1-5681b2f23fe6,"Dr. G - Marco A. Gonzalez, Plastic Surgeon El Paso",plastic_surgery,US,El Paso,+1 915-600-2639,https://www.plasticsurgeryelpaso.net/?y_source=1_MTA1NjU3OTIyNi03MTUtbG9jYXRpb24ud2Vic2l0ZQ==,"1480 Redd Rd, El Paso, TX 79911, USA",4.8,226,0,false,false,google
5a329cdc-6e48-4124-bada-bb9d0dd23696,"Anh Lee MD, PA",plastic_surgery,US,El Paso,+1 915-351-9000,http://www.dranhlee.com/,"1141 Caper Rd, El Paso, TX 79925, USA",4.5,153,0,false,false,google
18d6a867-fc45-4629-ac54-66b220ac839a,Cosmetic Surgery & Laser Center of El Paso,plastic_surgery,US,El Paso,+1 915-543-5600,https://www.elpasoplasticsurgery.org/,"5664 N Mesa St, El Paso, TX 79912, USA",4.6,99,0,false,false,google
63c21144-c5dc-4717-8c11-3bf12afdaf96,Med Glow PLLC,plastic_surgery,US,El Paso,+1 915-299-1133,https://medglowcare.com/,"6060 Surety Dr # 230, El Paso, TX 79905, USA",5,29,0,false,false,google
69f0d256-4c37-41e2-91ae-1b33b5555189,Dr. R. Dale Reynolds: Cosmetic Surgery & Laser Centers of El Paso-West side,plastic_surgery,US,El Paso,+1 915-543-5600,https://www.elpasoplasticsurgery.org/doctor/dr-reynolds-el-paso-texas-plastic-surgeon/,"5664 N Mesa St, El Paso, TX 79912, USA",4.8,90,0,false,false,google
228b1654-02c8-4d37-b20d-56a5f9ee6e7f,The MedSpa at Southwest Plastic Surgery West,plastic_surgery,US,El Paso,+1 915-590-7907,http://www.swplasticsurgery.com/,"5925 Silver Springs Dr suite c, El Paso, TX 79912, USA",4.9,168,0,false,false,google
d362070f-41c8-4005-817a-8551b1018a22,Shawn Diamond MD FACS Plastic Surgeon,plastic_surgery,US,El Paso,+1 915-215-5300,https://ttpelpaso.com/providers/Shawn_Diamond.aspx,"4801 Alberta Ave, El Paso, TX 79905, USA",4.9,46,0,false,false,google
d16ef968-7afa-46f7-a63c-4ebbdaa85867,"Pedro Chavez, MD/Plastic Surgery Associates P Chavez",plastic_surgery,US,El Paso,+1 915-533-0269,https://www.chavezplasticsurgery.com/,"1517 N Mesa St, El Paso, TX 79902, USA",4.3,24,0,false,false,google
f925fee5-7742-412d-b68c-e48899874cdd,SkinSational MedSpa,plastic_surgery,US,El Paso,+1 915-213-6930,https://skinsationalep.com/,"7400 Viscount Blvd Ste 115, El Paso, TX 79925, USA",4.9,524,0,false,false,google
68909055-c91e-40e3-aec5-a5abd7e391ca,Cosmetic Surgery and Laser Center of El Paso,plastic_surgery,US,El Paso,+1 915-855-7800,http://www.elpasoplasticsurgery.org/,"1512 N Zaragoza Rd #3, El Paso, TX 79936, USA",4.6,22,0,false,false,google
5d93ce0f-b14f-48d2-a435-f34c3aeb3193,Francisco Agullo,plastic_surgery,US,El Paso,,,"10175 Gateway Blvd W, El Paso, TX 79925, USA",5,2,0,false,false,google
76ce1fbf-1ed5-49fb-baf3-1eb4f8445116,Dr. Sadri Sozer,plastic_surgery,US,El Paso,+1 915-351-1116,https://www.elpasoplasticsurgery.com/about-us/dr-ozan-sozer/,"651 S Mesa Hills Dr Ste 1, El Paso, TX 79912, USA",5,2,0,false,false,google
32c13d05-554d-47fa-a738-79cef159a851,Rie Grupo Dental,dentist,MX,Juárez,+52 656 679 8900,http://www.riegrupodental.com/,"Blvd. Teófilo Borunda #8670, Partido Iglesias, 32528 Juárez, Chih., Mexico",4.9,582,0,false,false,google
cdea105b-9b8d-48c3-9d16-5209109d8e52,Dentist Cd Juarez - Creadent,dentist,MX,Juárez,,,"Plaza Alsega, Av. Ejército Nacional 8140-B-local 6, Pradera Dorada, 32618 Juárez, Chih., Mexico",4.9,83,0,false,false,google
addaba78-617b-4df1-ad21-daef2d539e6d,ValSo Smile Design by Dra. Janeth Valenzuela,dentist,MX,Juárez,+52 656 114 0756,https://www.doctoralia.com.mx/janeth-valenzuela/dentista-odontologo/ciudad-juarez?utm_source=google&utm_medium=gmb&utm_campaign=280375&utm_content=website,"Rio Chuviscar 1190, Los Nogales, 32350 Juárez, Chih., Mexico",5,151,0,false,false,google
11fc9744-1f9b-48d6-9de7-a84714bb370b,DENTAL SIGN,dentist,MX,Juárez,+52 656 251 7556,http://www.dentalsign.com/,"Avenida de la Raza 5404, Plaza Tres 08, La Fuente, 32600 Juárez, Chih., Mexico",4.9,622,0,false,false,google
5357732d-fe66-46ff-aa43-efb56f69fc69,Clínica Dental Laser,dentist,MX,Juárez,+52 656 618 3202,https://dentallaser.com.mx/,"Av. P.º de la Victoria 4370-Suite 417 y 418, Partido Iglesias, 32618 Juárez, Chih., Mexico",4.9,49,0,false,false,google
109d57a0-1039-4efc-9e9d-76eb93bb13e5,Dental Da Vinci,dentist,MX,Juárez,+1 915-300-8155,,"Av. Paseo Triunfo de la República 4513, Monumental, 32310 Juárez, Chih., Mexico",4.8,204,0,false,false,google
86169835-f7aa-4601-9371-0dfb810c44eb,International X Dental Clinic,dentist,MX,Juárez,+52 656 634 0040,http://internationalx.dental/,"plaza bistro, Av. Campos Eliseos 9388-Local 6, Campos Elíseos, 32473 Juárez, Chih., Mexico",5,1172,0,false,false,google
da1159d3-ebdf-48ba-9799-f40eaa85e8c0,Fara Dental - Dentista Cd Juárez,dentist,MX,Juárez,+52 656 634 9717,,"Av. Ejército Nacional 7258, Pradera Dorada, 32618 Juárez, Chih., Mexico",4.8,92,0,false,false,google
a3e1b3df-f756-41ed-bd91-6ebc5b29090a,CLINICA DENTAL 100% Cd. Juárez Chih.,dentist,MX,Juárez,+52 656 527 8185,https://www.facebook.com/profile.php?id=100016451748442,"C. Cam. Viejo a San José 7811-Local 3, Partido Iglesias, 32528 Juárez, Chih., Mexico",5,86,0,false,false,google
b0c50ad8-7651-4419-95d2-607a27838376,Advanced Dental Care,dentist,MX,Juárez,+1 915-356-7597,http://www.adcdentistry.com/,"Av. Abraham Lincoln 1198, Córdova Americas, 32600 Juárez, Chih., Mexico",4.9,150,0,false,false,google
c7d991d5-c32c-4c6e-84ff-3b6272b5484f,NEXUS FAMILY DENTAL,dentist,MX,Juárez,+52 656 550 8978,https://www.facebook.com/NEXUSSDENTAL/,"Av. Ejército Nacional 7702, Pradera Dorada, 32618 Juárez, Chih., Mexico",5,38,0,false,false,google
06e7caaf-ea32-426a-b39f-5e4155c521c3,GASA,dentist,MX,Juárez,+52 656 616 3011,http://gasamd.com/,"Plaza El Camino, Av. Ejército Nacional 7695, Edificio E, Local 4, Col, Del Márquez, 32607 Juárez, Chih., Mexico",4.9,119,0,false,false,google
72ab46c5-e799-44ec-b892-d3c1097c594a,Clínica Gidental Odontología Especializada,dentist,MX,Juárez,+52 656 863 6705,,"Rancho el 24 3128-local 2, Pradera Dorada, 32618 Juárez, Chih., Mexico",5,40,0,false,false,google
949626d1-b886-4c0b-aea2-b67da9238ba3,DentalTec,dentist,MX,Juárez,+52 656 617 1773,http://www.grupodentaltec.com/,"Av Tecnologico 1337, Los Olmos Tec N-B, Olmos Tecnológico, 32310 Juárez, Chih., Mexico",4.9,256,0,false,false,google
d3538e51-4eeb-4ef9-b4b8-c3ed00ab0153,Dra. Martha Araceli Pardavell Ariceaga,dentist,MX,Juárez,+52 656 311 0878,,"Av. P.º de la Victoria 3560-Local 104, Partido Senecú, 32570 Juárez, Chih., Mexico",5,20,0,false,false,google
12e45b54-5b6a-4f90-80d4-024b79f233a1,IMAGEN DENTAL DE CD JUÁREZ,dentist,MX,Juárez,+52 656 378 0881,,"Blvd. Manuel Gómez Morín 8704-12B, Arroyos del Paraíso, 32459 Juárez, Chih., Mexico",4.7,12,0,false,false,google
18c94369-07f5-460a-9941-5ef30e451afd,Clínica Dental App,dentist,MX,Juárez,+52 656 753 9457,,"Av Valentín Fuentes Varela 2654, Infonavit, Casas Grandes, 32600 Juárez, Chih., Mexico",4.9,33,0,false,false,google
7413fd3c-4f52-431a-a6de-53d263c668be,Hillside Primary Care,general,US,El Paso,+1 915-577-9003,https://www.hillsideprimarycare.com/,"840 E Redd Rd, El Paso, TX 79912, USA",3.9,168,0,false,false,google
0907c8c1-74e3-4b4a-b6e1-450ccda07401,Nucleo Dental,dentist,MX,Juárez,+1 915-308-0101,https://www.nucleodental.com/,"Bulevar Tomás Fernández 7803-Int. 02, Los Cisnes, Col Los Parques, 32440 Juárez, Chih., Mexico",4.2,74,0,false,false,google
6de97562-f9e1-477c-a876-f5dcc6d9e40b,"Clínica Dental Molar Company | Mejor dentista, odontólogo en Ciudad Juárez | Sucursal Torres",dentist,MX,Juárez,+52 656 115 0715,https://dentistasen.com/cd-juarez/#molar_company_dentista_ciudad_juarez,"C. Oaxaca 1050, Col. Morelos 3, 32573 Juárez, Chih., Mexico",4.9,154,0,false,false,google
edc43f62-ba3a-4771-a9c7-9bb9b205d7b7,dentalia Las Misiones,dentist,MX,Juárez,+52 800 003 3682,https://citas.dentalia.com/agenda_linea?utm_campaign=Marketing%20digital&utm_source=SEO&utm_medium=Google&utm_term=website&utm_content=cards,"Blvd. Teófilo Borunda 8681, Bosques del Sol, 32663 Juárez, Chih., Mexico",4.6,46,0,false,false,google
f4e603e8-17cb-4d7e-9c67-20204874d3c6,Dr. Carlos Alberto Soto Medina - Face & Body,plastic_surgery,MX,Juárez,+52 656 617 1321,http://www.renew.clinic/,"C. Pedro Rosales de León 7510, Fuentes del Valle, 32500 Juárez, Chih., Mexico",4.9,200,0,false,false,google
3ba29cf4-2ee4-40f9-98b7-3b36dd4a5d5d,Plastic Surgery Dr Mario Luis Pineda Moreno,plastic_surgery,MX,Juárez,+52 656 788 5720,http://www.doctormariopineda.com/,"Av. P.º de la Victoria 4370, Partido Iglesias, 32618 Juárez, Chih., Mexico",4.8,110,0,false,false,google
8e9ca7fb-23f8-40b2-b473-656353032881,Dr. David Flores Soto Plastic Surgery,plastic_surgery,MX,Juárez,+52 656 833 6608,,"Av. Plutarco Elías Calles 1921, Jardines de San José, 32683 Juárez, Chih., Mexico",5,64,0,false,false,google
a408ab77-5934-4f2b-8bb6-d13eb9fe620f,Dr. Reginaldo Hernandez | Cirujano Gastroenterólogo en Cd. Juárez,plastic_surgery,MX,Juárez,+52 656 422 4651,https://drreginaldohernandez.com/cirujano-general-en-cd-juarez/,"Av. Campos Eliseos 9371-Consultorio 205, Campos Elíseos, 32472 Juárez, Chih., Mexico",4.9,73,0,false,false,google
7e691e69-0e2d-4620-aa8d-4fd0a5e4d3f4,Dr. Angel Alvarez Regil-Clínica Juárez Lazer,plastic_surgery,MX,Juárez,+1 915-400-9915,https://juarezplasticsurgery.com/,"C. Pedro Rosales de León 7510-111, Fuentes del Valle, 32500 Juárez, Chih., Mexico",5,33,0,false,false,google
bf125c11-c064-4ec2-8a15-b2b71d6d946a,Dr. Armando Zuñiga Domínguez cirujano plástico cd Juárez,plastic_surgery,MX,Juárez,+52 656 598 3699,https://drarmandozunigacirujanoplasticocdjuarez.com/,"C. Pedro Rosales de León 7510, Fuentes del Valle, 32500 Juárez, Chih., Mexico",4.8,32,0,false,false,google
351572ce-c428-4d22-867d-f9312e720a90,Dr. Carlos Javier Ocando - Cirujano Plastico Cd Juarez | Lipoescultura | Mommy Makeover | Aumento de Busto,plastic_surgery,MX,Juárez,,,"Av. Campos Eliseos 9050, Campos Elíseos, Supermanzana Interior E-4, Edificio, Plaza Barrancas, 32472 Juárez, Chih., Mexico",4.9,50,0,false,false,google
07c81cde-b9bd-476b-89d3-f05b85e5fa0b,Dra. Abril Peralta ¦ Cirujano Plastico en Cd Juarez,plastic_surgery,MX,Juárez,+52 656 587 3544,https://t.link/dra.peralta.enriquez.cper,"Av. P.º de la Victoria Supermanzana Hospital, Partido Iglesias, 32618 Juárez, Chih., Mexico",5,25,0,false,false,google
6aed2355-2bd7-49f7-b5d9-b02ce95ad8f1,"Dr. Hugo Rodríguez - Cirugía plástica, estética y Reconstructiva",plastic_surgery,MX,Juárez,+52 656 597 5792,http://www.rodriguezplasticsurgery.com/,"Av. de Las Americas 201, Margaritas, 32300 Juárez, Chih., Mexico",4.8,40,0,false,false,google
1fbda6aa-9c76-4601-b1a1-8ae5316560ec,Cirujano Plastico Certificado Dr Carlos Arciniega,plastic_surgery,MX,Juárez,+52 656 613 3709,https://www.facebook.com/Dr.ArciCirujanoPlastico,"Hospital Centro Medico de Especialidades Consultorio 409 en el Cuarto Piso, Av. de Las Americas 201, Margaritas, 32300 Juárez, Chih., Mexico",4.7,12,0,false,false,google
b56290e3-e8ee-440f-bd08-f6eabb34ac0c,Rinofast Juárez,plastic_surgery,MX,Juárez,+1 915-223-5982,https://www.rinofastjuarez.com/,"Av. Abraham Lincoln 793, Zona Pronaf Condominio La Plata, 32600 Juárez, Chih., Mexico",4.2,57,0,false,false,google
e61739fd-3111-444c-8ba1-a6cc17878627,Cirugía de nariz Ciudad Juárez Dr. Febronio López Vitoláss,plastic_surgery,MX,Juárez,+52 656 557 3959,https://www.facebook.com/top1rhinoplastygroup,"Campos Eliseos, Av. Campos Eliseos 9371, Campos Elíseos, 32472 Juárez, Chih., Mexico",5,74,0,false,false,google
bfd6a138-b419-4ede-8c29-7488de37c2f6,Facemaker Cirugía Plástica,plastic_surgery,MX,Juárez,+52 656 852 8995,https://www.instagram.com/facemaker_juarez?igsh=N2ZuMnE3czVpc2U4,"Ignacio Ramírez 445, Margaritas, 32300 Juárez, Chih., Mexico",5,12,0,false,false,google
be1c41f7-adb8-4894-a9e8-3cd406960956,Opera Aesthetic Clinic - Clinica Estetica Ciudad Juárez,plastic_surgery,MX,Juárez,+52 656 801 3927,http://www.operaclinic.com.mx/,"Av. de Las Americas 212, Margaritas, 32000 Juárez, Chih., Mexico",4.8,71,0,false,false,google
d7f7a15b-43d9-4c2e-8379-70962610a8ad,Plastic Surgery - Medical Tourism,plastic_surgery,MX,Juárez,+52 656 616 2420,https://www.medicaltourismex.com/specialties/plastic-surgery/ciudad-juarez-clinic,"Pedro S. Varela 3007, Zona Pronaf Condominio La Plata, 32317 Juárez, Chih., Mexico",5,1,0,false,false,google
ba703be1-ffc9-47ab-b6d5-055a9e95be26,Dr. Alejandro Guerrero Reyes Cirujano Plastico y Reconstructivo,plastic_surgery,MX,Juárez,+52 656 611 6185,,"MANUEL, Blvd. Manuel Gómez Morín 9351, Campestre Sur, 32330 Juárez, Chih., Mexico",5,2,0,false,false,google
0470c309-0481-404c-a9ed-c8cd8a3ce72c,Farmacia,pharmacy,US,El Paso,,,"1901 Grandview Ave, El Paso, TX 79902, USA",4.5,2,0,false,false,google
e85b58fa-ae88-4691-bf6a-383d06f4bf73,DR. FERNANDO GAMBOA,plastic_surgery,MX,Juárez,+52 656 616 1685,https://www.drfernandogamboa.com/,"CAMPOS ELISEOS #9371 Int:, Av. Campos Eliseos 710, Campos Elíseos, 32472 Juárez, Chih., Mexico",4.7,12,0,false,false,google
d91d5592-03f7-44d6-bcb9-d6c5e0bfa20f,Otorrinolaringólogo y Cirugía Plástica Facial en Cd. Juárez - Dra. Patricia Guerrero,plastic_surgery,MX,Juárez,,https://rinoplastiajuarez.com/,"Av. de Las Americas 201, Margaritas, 32315 Juárez, Chih., Mexico",4.9,42,0,false,false,google
c8c7ad88-b58c-46d3-9142-9e9de9b2e13e,DR. J. RAYMUNDO HOLGUIN,plastic_surgery,MX,Juárez,+52 656 648 0803,http://drraymundoholguinjuarez.com/,"PASEO DE LA VICTORIA #4370, Int: 803, Partido Iglesias, 32528 Juárez, Chih., Mexico",1.8,5,0,false,false,google
7ac55e7d-5dd3-490e-bd99-3cf4d7a1b9f8,The Dune Plastic Surgery and Aesthetic Center,plastic_surgery,MX,Juárez,+52 656 762 8589,,"C. Ing. David Herrera Jordán 2645-6, Chamizal, 32010 Juárez, Chih., Mexico",5,5,0,false,false,google
c63d8264-3664-4936-afbf-864b265c14db,El Paso Primary Care,general,US,El Paso,+1 915-500-6080,https://www.elpasoprimarycare.com/,"4545 N Mesa St, El Paso, TX 79912, USA",4.9,166,0,false,false,google
013becb5-d0cc-41d0-bc5e-a08e53e06f44,"Primary Care Medical Partners, PA",general,US,El Paso,+1 915-500-1100,https://www.pcmppa.com/,"1550 N Zaragoza Rd Suite A-107, El Paso, TX 79936, USA",4.4,59,0,false,false,google
76601617-50bd-4998-8c4b-1f9040c13c09,Premier Primary Care Clinic,general,US,El Paso,+1 915-320-7707,https://premierclinic.us/,"1387 George Dieter Dr Bldg. D Ste 103, El Paso, TX 79936, USA",4.9,309,0,false,false,google
06c59f69-c302-4193-b1e3-937c4a96e873,Primary Care El Paso (East),general,US,El Paso,+1 915-264-1830,https://primarycareelpaso.com/,"10965 Ben Crenshaw Dr Building 1, El Paso, TX 79935, USA",4.4,47,0,false,false,google
c013d242-4965-4ce8-b1e1-86fc13ddce5c,Primary Care El Paso,general,US,El Paso,+1 915-264-1830,https://primarycareelpaso.com/,"6000 Northern Pass Dr Ste A100, El Paso, TX 79911, USA",4.5,362,0,false,false,google
cee6447d-e5d7-4225-a78c-744ff1b9a2e6,Premier Primary Care Clinic,general,US,El Paso,+1 915-320-7707,https://premierclinic.us/,"121 Paragon Ln, El Paso, TX 79912, USA",4.9,132,0,false,false,google
8979e268-fd3f-4e29-94de-c2bb76b2040b,New Health Family Care,general,US,El Paso,+1 915-615-7150,https://www.facebook.com/newhealthfamilycare/,"10470 Vista del Sol Dr Ste 102, El Paso, TX 79925, USA",5,52,0,false,false,google
8f217c1e-21e8-4b72-b2e1-1af996ec9046,MyHealth Primary Care Clinic,general,US,El Paso,+1 915-229-5033,https://myhealthclinic.us/,"1201 E Schuster Ave bldg 1a, El Paso, TX 79902, USA",0,0,0,false,false,google
c1ef938e-ef4f-4b46-a59f-c1541123f15e,Primary Care El Paso - D'essence Healthcare,general,US,El Paso,+1 915-955-4703,https://www.dessencefamilyclinic.com/,"5740 N Mesa St, El Paso, TX 79912, USA",5,24,0,false,false,google
f9f9283f-bbce-4f4f-bee9-264405890fd2,Madrid Family Care Clinic,general,US,El Paso,+1 915-343-9702,https://www.madridfamilycareclinic.com/,"1420 Geronimo Dr Building C Suite B, El Paso, TX 79925, USA",5,44,0,false,false,google
9f3ab02b-8730-4b9a-83df-31c07323deab,Primary Care Complete,general,US,El Paso,+1 915-301-0007,http://primarycarecomplete.com/,"5733 Cromo Dr, El Paso, TX 79912, USA",4.9,29,0,false,false,google
20b872f0-52ca-4ad9-a309-3e6c3d0f3674,Primary Healthcare Physicians,general,US,El Paso,+1 915-855-7900,http://www.phpelpaso.com/,"11880 Vista del Sol Dr Suite B, El Paso, TX 79936, USA",2.7,72,0,false,false,google
d3072563-2058-41c9-88a7-a65ac0eb6759,Family Medicine Associates of El Paso,general,US,El Paso,+1 915-594-1033,https://fma-elpaso.com/,"9398 Viscount Blvd Suite 4-C, El Paso, TX 79925, USA",4.3,134,0,false,false,google
0cde256e-f0f2-48b3-8ad0-fdf7a7919e44,EmpowerMD Primary Care & Family Medicine - El Paso,general,US,El Paso,+1 915-235-3768,https://www.empowermdelpaso.com/,"1265 Joe Battle Blvd #102b, El Paso, TX 79936, USA",5,7,0,false,false,google
d029f7b5-2e9a-49ca-a264-163b29db3332,Village Medical - South Mesa Hills,general,US,El Paso,+1 915-295-0344,https://www.villagemedical.com/locations/texas/550-s-mesa-hills-dr-suite-c3-el-paso-tx-79912?utm_source=gmb&utm_medium=profile&utm_campaign=villagemedical_organic-search_location,"550 S Mesa Hills Dr C-3, El Paso, TX 79912, USA",4.8,852,0,false,false,google
e79cdbfc-6cac-4ceb-9784-fe58cabacae4,We Care Clinic,general,US,El Paso,+1 915-455-0595,http://www.wecareclinicep.com/,"1729 Weston Brent Ln A, El Paso, TX 79935, USA",4.6,77,0,false,false,google
fc69a754-11f6-40ac-826b-7da6326296c0,Transmountain Primary Care,general,US,El Paso,+1 915-248-2345,https://tmprimarycare.com/?utm_source=gmb&utm_medium=organic&utm_campaign=elpaso,"500 Peyton Hills Dr Suite A, El Paso, TX 79928, USA",3,89,0,false,false,google
ee588171-87ac-47b3-928b-1982b51e0d3d,Dr. Benjamin Gonzalez MD,general,US,El Paso,+1 915-594-1033,http://fma-elpaso.com/,"9398 Viscount Blvd Suite 4-C, El Paso, TX 79925, USA",4,113,0,false,false,google
404829c2-b870-4c44-be02-a6815bdf0709,Comprehensive Primary Care PA,general,US,El Paso,+1 915-600-2705,https://www.comprehensiveprimarycareelpaso.com/,"125 W Hague Rd Ste. 180, El Paso, TX 79902, USA",5,3,0,false,false,google
662e0f6a-9013-4f93-af5e-77268095c739,Iglesias Family Medicine,general,US,El Paso,+1 915-440-0099,https://iglesiasfamilymedicine.org/,"9895 Alameda Ave Ste 118, El Paso, TX 79927, USA",3.9,85,0,false,false,google
3b5bfaca-32d1-41fa-8628-7cb5b26a0edb,El Paso Family Medicine And Mental Health Clinic,general,US,El Paso,+1 915-344-7165,https://www.elpasofamilyclinic.com/,"8929 Viscount Blvd Ste LLB, El Paso, TX 79925, USA",5,49,0,false,false,google
cb7756b8-83d7-478e-98f8-90d471a51ded,Family Medicine of West Texas,general,US,El Paso,+1 915-581-6405,,"7236 N Mesa St, El Paso, TX 79912, USA",3.8,53,0,false,false,google
8d0b299c-1a3a-41be-9c01-1a7d30a40c4d,"El Paso Center for Family & Sports Medicine: Angel Garcia, MD",general,US,El Paso,+1 915-493-6646,http://www.elpasocenterfamilyandsportsmed.com/,"11851 Physicians Dr, El Paso, TX 79936, USA",4.8,1229,0,false,false,google
33ea15d1-68f5-4005-91c7-7fc4b6e9d57c,Mt. West Family Health Center,general,US,El Paso,+1 915-855-7680,https://mtwesthealthcenter.com/,"1860 Dean Martin Dr # 104, El Paso, TX 79936, USA",4.1,238,0,false,false,google
cc6cd1b8-378e-4e7b-8438-3137a16fe0c7,"Dr. Max Peralta, MD",general,US,El Paso,+1 915-533-7400,http://www.mdvip.com/doctors/maxperaltamd?utm_campaign=listing-yext&st-t=rep_&utm_source=google&utm_medium=organic,"1733 Curie Dr # 105, El Paso, TX 79902, USA",4.8,37,0,false,false,google
09060409-8987-4cbb-abde-37b7930104af,Canyon Family Clinic,general,US,El Paso,+1 915-249-3958,https://canyonfamilyclinic.com/,"7470 Cimarron Plz building 17 ste 300, El Paso, TX 79911, USA",4.8,47,0,false,false,google
1153d1f7-5da0-49db-93d6-2d581fbe16f1,"Dr. Patricia Lopez Po, MD",general,US,El Paso,+1 915-260-8676,http://www.mdvip.com/doctors/patricialopezpomd?utm_campaign=listing-yext&st-t=rep_&utm_source=google&utm_medium=organic,"5915 Silver Springs Dr 3 A, El Paso, TX 79912, USA",4.8,21,0,false,false,google
3b2901c3-a919-4f18-bee8-a15a29fdee8e,Mt. West Family Health Center,general,US,El Paso,+1 915-298-3607,https://mtwesthealthcenter.com/,"3551 Rich Beem Blvd ste c, El Paso, TX 79938, USA",3.6,270,0,false,false,google
b59c9f6f-4c68-4ac9-be4d-929c257504f9,"Jose-Ruben Ayala, MD",general,US,El Paso,+1 915-265-1157,https://www.villagemedical.com/our-providers/jose-ruben-ayala?utm_source=gmb&utm_medium=profile&utm_campaign=villagemedical_organic-search_provider,"5401 Montana Ave B, El Paso, TX 79903, USA",4.8,194,0,false,false,google
917910db-2e2a-4f11-a262-4a94c32e931d,Eastside Family Care Center,general,US,El Paso,+1 915-996-5210,http://eastsidefamilycarecenter.com/,"1671 N Zaragoza Rd ste b, El Paso, TX 79936, USA",2.8,111,0,false,false,google
75ec739d-6911-4278-abb1-8e6b6a733054,Dr. Alejandro Rocha DOPA,general,US,El Paso,+1 915-444-8571,https://dralejandrorocha.com/,"10500 Vista del Sol Dr ste c, El Paso, TX 79925, USA",3.3,85,0,false,false,google
2325945b-033d-459e-a3a8-b69fae6084ca,UCare Urgent Care Clinics Lee Trevino Dr - El Paso TX,urgent_care,US,El Paso,+1 915-221-0805,https://www.ucareclinics.com/locations-lee-trevino,"1618 Lee Trevino Dr, El Paso, TX 79936, USA",4.3,324,0,false,false,google
c5a0da94-3f1d-4af2-a490-bced40c181ab,CareNow Urgent Care - East El Paso,urgent_care,US,El Paso,+1 915-401-8100,https://www.carenow.com/locations/el-paso/east-el-paso?utm_campaign=corp_listings_mgmt&utm_source=google&utm_medium=business_listing,"9640 Montwood Dr, El Paso, TX 79925, USA",4.6,379,0,false,false,google
3a77b5ff-4a46-4aa9-9eb7-71ad150a29ed,Southwest Urgent Care Center,urgent_care,US,El Paso,+1 915-910-6595,https://www.southwesturgentcare.net/,"2030 N Mesa St, El Paso, TX 79902, USA",4.8,680,0,false,false,google
add12d35-a0a7-4090-8566-d89387a9e150,Summit Urgent Care - East El Paso,urgent_care,US,El Paso,+1 915-857-4559,https://www.summit-urgentcare.com/,"1523 N Zaragoza Rd, El Paso, TX 79936, USA",4.7,6286,0,false,false,google
3a54f999-749f-46bf-a97c-3f0daf746c30,Concentra Urgent Care,urgent_care,US,El Paso,+1 915-772-2111,http://www.concentra.com/?utm_source=Yext&utm_medium=Organic&utm_campaign=Homepage%20Link,"6320 Gtwy Blvd E, El Paso, TX 79905, USA",4.4,1168,0,false,false,google
4002bc82-da8a-448f-a55b-94703bd285dd,CareNow Urgent Care - Viscount,urgent_care,US,El Paso,+1 915-594-4475,https://www.carenow.com/locations/el-paso/viscount?utm_campaign=corp_listings_mgmt&utm_source=google&utm_medium=business_listing,"9100 Viscount Blvd, El Paso, TX 79925, USA",4.3,1430,0,false,false,google
78395f64-b66b-4efc-a5bc-45a9263f1faa,Las Palmas Del Sol Emergency Center Zaragoza,urgent_care,US,El Paso,+1 915-242-2911,https://laspalmasdelsolhealthcare.com/location/las-palmas-del-sol-emergency-center-east?utm_campaign=corp_listings_mgmt&utm_source=google&utm_medium=business_listing,"1951 N Zaragoza Rd, El Paso, TX 79938, USA",3,119,0,false,false,google
2275dfd1-9faf-444b-8343-de607fcbf9dc,"UCare Urgent Care in El Paso, TX",urgent_care,US,El Paso,+1 915-201-0420,https://www.ucareclinics.com/locations-zaragoza,"3051 N Zaragoza Rd, El Paso, TX 79938, USA",4,508,0,false,false,google
2873ab5e-7d01-4ce9-9ff5-b3691c2e4100,Concentra Urgent Care,urgent_care,US,El Paso,+1 915-245-3131,https://www.concentra.com/urgent-care-centers/texas/el-paso/el-paso-i-10w-urgent-care/,"10961 Gateway Blvd W Suite 100, El Paso, TX 79935, USA",4.4,1315,0,false,false,google
9893d863-06f3-488e-8bf8-5544fd03b46d,Pharmacy,pharmacy,US,El Paso,,,"300 S Zaragoza Rd, El Paso, TX 79907, USA",0,0,0,false,false,google
c97d9348-c5e6-4105-9852-ec18f7a9e7e5,El Paso Emergency Room West,urgent_care,US,El Paso,+1 915-255-4575,https://www.eper.com/,"351 Redd Rd, El Paso, TX 79932, USA",4.6,862,0,false,false,google
abd3f2ce-068b-4613-915a-ea7e6c805daa,CareNow Urgent Care - El Paso Edgemere,urgent_care,US,El Paso,+1 915-856-0008,https://www.carenow.com/locations/el-paso/el-paso-edgemere?utm_campaign=corp_listings_mgmt&utm_source=google&utm_medium=business_listing,"12371 Edgemere Blvd Ste 207, El Paso, TX 79938, USA",4.2,1197,0,false,false,google
2c36a724-2b2f-42d3-9c55-e261a13448f4,Upper Valley Urgent Care Center Eastlake,urgent_care,US,El Paso,+1 915-584-8882,https://www.uvucc.com/,"10400 Gtwy Blvd E Suite A, El Paso, TX 79927, USA",4.8,16,0,false,false,google
bfc5fe3c-aabf-43a2-a735-bda3e365794a,CareNow Urgent Care - North Zaragoza,urgent_care,US,El Paso,+1 915-249-3106,https://www.carenow.com/locations/el-paso/north-zaragoza?utm_campaign=corp_listings_mgmt&utm_source=google&utm_medium=business_listing,"1801 N Zaragoza Rd Suite A, El Paso, TX 79936, USA",4.2,1127,0,false,false,google
ce7550f4-9926-4da8-806b-31b11f54e880,Concentra Urgent Care,urgent_care,US,El Paso,+1 915-593-1862,http://www.concentra.com/?utm_source=Yext&utm_medium=Organic&utm_campaign=Homepage%20Link,"1610 N Zaragoza Rd Ste. D1, El Paso, TX 79936, USA",4.2,1372,0,false,false,google
f746b9de-aae7-4c2f-8245-c54130bd1cc8,CareNow Urgent Care - West El Paso,urgent_care,US,El Paso,+1 915-206-4690,https://www.carenow.com/locations/el-paso/west-el-paso?utm_campaign=corp_listings_mgmt&utm_source=google&utm_medium=business_listing,"7845 N Mesa St Suite A, El Paso, TX 79932, USA",4.5,1331,0,false,false,google
2f8dac07-5ff8-4abe-b1b4-a31c80f56cf1,Upper Valley Urgent Care Center,urgent_care,US,El Paso,+1 915-584-8882,http://uvucc.com/,"121 Redd Rd, El Paso, TX 79932, USA",4.5,1303,0,false,false,google
5cdf7a6b-fc14-4061-8271-4ab2b373b7e2,Pininos Urgent Care,urgent_care,US,El Paso,+1 915-304-0088,https://pininospediatrics.com/urgent-care/,"4321 N Mesa St Bldg B Suite B, El Paso, TX 79902, USA",4.1,22,0,false,false,google
de2eb714-4625-45a8-a499-1244c270a694,VIP Urgent Care & Waterfall Spa,urgent_care,US,El Paso,+1 915-900-6500,https://www.elpasovipcare.com/,"4510 N Mesa St, El Paso, TX 79912, USA",4.9,349,0,false,false,google
6cc7294c-ed40-4a7d-a0ab-52642aff1750,Country Club Urgent Care Center,urgent_care,US,El Paso,+1 915-307-3870,https://www.countrycluburgentcare.net/,"8041 N Mesa St Ste B2, El Paso, TX 79932, USA",2.8,166,0,false,false,google
23b1b5d9-d23c-4e1e-aaa1-b0a9de1bbb4e,Urgent Care Home Health Hospice,urgent_care,US,El Paso,+1 915-594-8070,https://www.uchhinc.com/hospice/,"3130 Gtwy Blvd E, El Paso, TX 79905, USA",4.3,6,0,false,false,google
9342dc71-c9ee-4ab8-9b95-fc58e82c8e85,El Paso Community Clinic-Henderson,general,US,El Paso,+1 915-212-0756,https://www.elpasotexas.gov/public-health/services/immunizations/,"721 S Mesa St, El Paso, TX 79901, USA",0,0,0,false,false,google
5a5f551d-51f3-44fc-82e5-758b50bda977,RotaCare Free Clinic,general,US,El Paso,+1 915-222-8658,http://rotacareelpaso.com/,"301 S Schutz Dr, El Paso, TX 79907, USA",4.5,8,0,false,false,google
73fe08a7-9fbc-4864-ae83-23d7d19533d0,El Paso Community Clinic,general,US,El Paso,,,"El Paso, TX 79907, USA",5,1,0,false,false,google
8978e413-12e8-49bb-a2b9-b5e24ce89f6e,Centro San Vicente,general,US,El Paso,+1 915-859-7545,http://www.sanvicente.org/,"8061 Alameda Ave, El Paso, TX 79915, USA",4,443,0,false,false,google
54731f34-6a52-4654-969b-bfe58ed9538b,Ysleta Del Sur Pueblo Community Health Clinic,general,US,El Paso,+1 915-858-1076,http://www.ysletadelsurpueblo.org/,"9314 Juanchido Ln, El Paso, TX 79907, USA",4.5,2,0,false,false,google
807293b0-d9e4-450d-9b9a-6dc3c45d3e5f,Westside Free Clinic,general,US,El Paso,+1 915-213-0169,https://www.westsidefreeclinic.org/,"201 E Sunset Rd, El Paso, TX 79922, USA",5,2,0,false,false,google
d31a9c3a-de2d-4e3e-a721-41ffce0c6812,Ysleta Health Center,general,US,El Paso,+1 915-859-7141,,"110 Candelaria St, El Paso, TX 79907, USA",3.2,22,0,false,false,google
e9aa0f1c-5833-469d-a38a-68c099711d9f,Community Partnership Clinic,general,US,El Paso,+1 915-859-0817,https://www.elpasotexas.gov/public-health/services/community-care-center/,"313 S Rio Vista Rd, El Paso, TX 79927, USA",0,0,0,false,false,google
532803ca-7974-4f90-ae8d-d9abf38772a4,Community Medical Center,general,US,El Paso,,,"3130 Lee Trevino Dr, El Paso, TX 79936, USA",1,1,0,false,false,google
071bc970-18bc-4004-8164-03bccc84bb2c,HOMELESS CLINIC,general,US,El Paso,+1 915-351-8972,,"1208 Myrtle Ave, El Paso, TX 79901, USA",5,1,0,false,false,google
1d0fd32f-4e75-4950-b284-1833f8c206c7,Project Vida Naftzger Clinic,general,US,El Paso,+1 915-465-1191,http://www.pvida.net/,"3612 Pera Ave, El Paso, TX 79905, USA",3.4,126,0,false,false,google
39fef7f7-e09e-46d3-9fa6-55bc9f078374,"Centro De Salud Familiar La Fe, Inc.",general,US,El Paso,+1 915-545-4550,http://lafe-ep.org/,"700 S Ochoa St, El Paso, TX 79901, USA",2.8,67,0,false,false,google
093eda3f-577e-4e0f-9372-de9685915da8,El Paso Baptist Clinic,general,US,El Paso,+1 915-532-5398,http://elpasobaptistclinic.org/,"2700 N Piedras St, El Paso, TX 79930, USA",5,6,0,false,false,google
708836ac-c3e8-4de4-b03a-628be768031f,Department Of Public Health-Alameda,general,US,El Paso,+1 915-212-0000,http://ephealth.com/,"9341 Alameda Ave, El Paso, TX 79907, USA",4.4,14,0,false,false,google
b7166375-d47f-46aa-ad31-4fdafc006e72,Centro San Vicente - Pebble Hills,general,US,El Paso,+1 915-773-0606,https://www.sanvicente.org/,"10780 Pebble Hills Blvd Ste G1, El Paso, TX 79935, USA",2.5,30,0,false,false,google
a4755f02-7655-4f07-b66b-200e66a47fe3,La Fe Care Center,general,US,El Paso,+1 915-545-7247,http://www.lafe-ep.org/,"1505 Mescalero Dr, El Paso, TX 79925, USA",4.1,30,0,false,false,google
dff4b905-972c-4f9e-bda7-059074cffd9d,Vital Health and Wellness,general,US,El Paso,+1 915-777-3151,,"11880 Vista del Sol Dr Suite B, El Paso, TX 79936, USA",4.4,7,0,false,false,google
9d721efb-2551-45fa-be7d-fbb440418e04,Rio Grande Border Health Clinic,general,US,El Paso,+1 915-831-4017,https://www.epcc.edu/Services/RGBHC,"Allied Health and Science Building, 1001 El Paso St, El Paso, TX 79902, USA",0,0,0,false,false,google
23260f62-1fed-437c-8cb9-4a86091743be,Comprehensive Care Center,general,US,El Paso,+1 915-434-7200,https://www.yisd.net/Page/1556,"9600 Sims Dr, El Paso, TX 79925, USA",3.7,10,0,false,false,google
3e2c6f0b-3cae-44a8-a566-73926a3cc535,City of El Paso Department of Public Health,general,US,El Paso,+1 915-212-0200,http://www.elpasotexas.gov/,"5115 El Paso Dr, El Paso, TX 79905, USA",3.1,44,0,false,false,google
167a1fa9-81b3-46df-a8d6-8bf22d75dc83,The DOT Clinic,general,US,El Paso,+1 915-280-4684,https://www.facebook.com/TheDOTClinic,"1701 Bassett Ave STE 128, El Paso, TX 79901, USA",5,666,0,false,false,google
e95cd65b-63d5-46a2-ab61-1cfa88ebcafd,La Fe Yandell Adult Clinic,general,US,El Paso,+1 915-545-7205,https://lafe-ep.org/yandell-adult-clinic/,"823 Yandell Dr, El Paso, TX 79902, USA",4.1,19,0,false,false,google
d74be112-bdcb-4ccc-a68d-da0c31bd215a,El Paso Health Department-Std Clinic,general,US,El Paso,+1 915-212-6537,http://www.elpasotexas.gov/,"5115 El Paso Dr B, El Paso, TX 79905, USA",3,20,0,false,false,google
6e009666-a491-494d-afe1-1705e7c4a130,City Of El Paso Wellness Centers,general,US,El Paso,+1 915-212-1384,https://www.providencemedicalpartners.com/specialties/city-of-el-paso-wellness-program,"4420 N Piedras St, El Paso, TX 79930, USA",5,1,0,false,false,google
7eb3ecb8-0d11-4cfe-9bfb-d924a5be0380,United Medical Clinic,general,US,El Paso,+1 915-288-3802,http://unitedmedicalclinics.org/,"1810 McRae Blvd A, El Paso, TX 79925, USA",3.6,24,0,false,false,google
494bcc32-e35b-4d54-8b13-2a8f40c4a759,"TTUHSCEP ASB II, Texas Tech Dental Oral Health Clinic",dentist,US,El Paso,+1 915-215-6700,https://ttdentalcare.com/,"222 Rick Francis St, El Paso, TX 79905, USA",4,31,0,false,false,google
ad667b77-b899-4fd1-9266-36757f7c7fcd,El Paso Dental Care,dentist,US,El Paso,+1 915-855-8484,http://www.elpasodentalcare.com/,"11625 Pellicano Dr, El Paso, TX 79936, USA",4.9,220,0,false,false,google
4287d609-8a8f-4156-9806-a01c72226120,Affordable Dental Associates Downtown El Paso,dentist,US,El Paso,+1 915-533-1600,https://www.affordabledentalassociates.com/,"211 Texas Ave, El Paso, TX 79901, USA",4.5,30,0,false,false,google
4ace4031-1aca-4f1c-bb9b-974972433fcc,Americas Family Dental,dentist,US,El Paso,+1 915-348-3383,https://americasdentalep.com/,"201 S Americas Ave Unit 206, El Paso, TX 79907, USA",4.8,255,0,false,false,google
ec74ddd8-5305-47aa-9042-a571d4c29d50,Rawlings Dental Clinic,dentist,US,El Paso,+1 915-212-8000,https://www.elpasotexas.gov/public-health/services/dental-clinic/,"3301 Pera Ave, El Paso, TX 79905, USA",3.7,19,0,false,false,google
6dbc9d01-3fc7-4f63-a096-c3a4bb93afef,El Paso Dentist,dentist,US,El Paso,+1 915-213-1030,http://elpasodentist.com/,"12900 Eastlake Blvd suite 111, El Paso, TX 79928, USA",4.9,161,0,false,false,google
d74f9938-e71c-43fb-b3e0-6e09e98be90c,University Vision Centre - Westside Office,optometry,US,El Paso,+1 915-800-0759,https://universityvisioncentre.com/west-el-paso-eye-doctor/?utm_source=OffSite&utm_medium=GMBandOtherOffSiteDirectories,"3800 N Mesa St B-1, El Paso, TX 79902, USA",4.7,2467,0,false,false,google
9b6ef914-29c4-4817-8dc7-483303a9fbfb,Buena Vista Eye Care,optometry,US,El Paso,+1 915-630-6463,http://www.buenavistaelpaso.com/,"1300 Murchison Dr Ste 140, El Paso, TX 79902, USA",4.9,1574,0,false,false,google
764fbebf-6cd0-443a-a4d7-aa9c52ef273c,University Vision Centre - Eastside Office,optometry,US,El Paso,+1 915-301-8687,https://universityvisioncentre.com/east-el-paso-eye-doctor/?utm_source=OffSite&utm_medium=GMBandOtherOffSiteDirectories,"11365 Montwood Dr STE D, El Paso, TX 79936, USA",4.5,257,0,false,false,google
8df3c430-7f5b-4c5c-814c-1e6b96276684,Eastside Vision Center,optometry,US,El Paso,+1 915-592-8090,https://www.eastsidevisioncenter.info/,"10952 Ben Crenshaw Dr, El Paso, TX 79935, USA",4.4,121,0,false,false,google
6ba843e4-55ec-4b3e-b32c-85f5b3cfa9b3,El Paso EyeCare,optometry,US,El Paso,+1 915-751-7760,https://www.aegvision.com/?utm_source=G&utm_medium=local&utm_campaign=google-local,"8894 Gateway N Blvd, El Paso, TX 79904, USA",4.7,1029,0,false,false,google
cc4a2485-8d4b-42a1-b997-7708555b22b0,Southwest Eye Institute,optometry,US,El Paso,+1 915-267-2020,https://southwesteye.com/eye-centers/common/?utm_source=google&utm_medium=local&utm_campaign=clinic-commonwood&utm_content=website,"1400 Common Dr, El Paso, TX 79936, USA",4.6,1327,0,false,false,google
85b436fa-75b5-4292-b787-1dce31406da7,Eye World,optometry,US,El Paso,+1 915-590-9977,https://eyeworldelpaso.com/?utm_source=G&utm_medium=local&utm_campaign=google-local,"9513 Viscount Blvd B, El Paso, TX 79925, USA",4.8,1337,0,false,false,google
c09a59e7-9637-4a8a-b734-4484c30854b0,El Paso Eyeworks,optometry,US,El Paso,+1 915-857-3937,http://www.elpasoeyeworks.com/,"10415 Gateway Blvd W, El Paso, TX 79925, USA",4.2,105,0,false,false,google
a19d016b-8146-446b-8fdf-215b8a2cc69d,Children's Eye Center of El Paso,optometry,US,El Paso,+1 915-577-9339,https://childrenseyecenter.com/,"1250 E Cliff Dr #4d, El Paso, TX 79902, USA",3.6,381,0,false,false,google
eecee47a-804c-44fb-8372-edf453ec7dcd,Vision Associates of El Paso,optometry,US,El Paso,+1 915-532-3937,https://www.visione360.com/vision-associates-of-el-paso/,"1387 George Dieter Dr ste d-101, El Paso, TX 79936, USA",3.5,14,0,false,false,google
bae25ff9-3b45-43df-b0fa-e1f7fa63ec11,University Vision Centre,optometry,US,El Paso,+1 915-221-2403,https://universityvisioncentre.com/,"11365 Montwood Dr STE D, El Paso, TX 79936, USA",4.9,539,0,false,false,google
a434c442-d0ad-4500-be7e-5dd5126ef7bc,Calming Spaces Mental Health,mental_health,US,El Paso,+1 915-209-0233,https://www.calmingspacesmh.org/,"7598 N Mesa St Suite 201, El Paso, TX 79912, USA",4.9,33,0,false,false,google
b8f5e510-b8c3-4786-a81d-f99384d1457e,Stanton Optical,optometry,US,El Paso,+1 915-277-0054,https://www.stantonoptical.com/locations/el-paso-the-fountains/?utm_source=google&utm_medium=organic&utm_campaign=El-Paso-Fountains-TX-Local-SO,"8889 Gateway Blvd W #1010, El Paso, TX 79925, USA",4.3,2266,0,false,false,google
ade3c19c-9183-42fe-b85c-65d181e2c340,El Paso Optical Center,optometry,US,El Paso,+1 915-566-8693,http://www.ekery.com/,"4724 Montana Ave, El Paso, TX 79903, USA",4.8,253,0,false,false,google
23d955ff-3ed6-4f65-945f-3476e4e1a789,Pholvichitr Eye Care,optometry,US,El Paso,+1 915-779-7355,http://www.pholvichitr.com/,"1509 N Zaragoza Rd, El Paso, TX 79936, USA",4.1,111,0,false,false,google
7f09ea60-7cc2-4974-8a5f-8abc944eb0d8,Vision Source El Paso,optometry,US,El Paso,+1 915-772-0777,https://visionsourceep.com/,"1346 Lee Trevino Dr #114, El Paso, TX 79936, USA",3.7,23,0,false,false,google
45cd93dc-df2e-4c30-b976-ac0996e5014d,West Texas Eye Associates,optometry,US,El Paso,+1 915-591-4441,http://www.wtea2020.com/,"1240 Lomaland Dr, El Paso, TX 79907, USA",4.2,348,0,false,false,google
e3a5c0a2-f80b-4036-9820-6eca67f92d49,Advanced Vision Solutions,optometry,US,El Paso,+1 915-444-8458,https://advancedvisionsolutions.com/,"421 Executive Center Blvd, El Paso, TX 79902, USA",5,8,0,false,false,google
62b7dca1-e8fa-48a6-9fed-e36fea36e2a9,Vision Research Institute,optometry,US,El Paso,+1 915-532-3914,https://www.vrielpaso.com/,"1700 Curie Dr, El Paso, TX 79902, USA",0,0,0,false,false,google
07e60256-3228-484e-8128-0edd5c25cbb3,The LASIK Vision Institute,optometry,US,El Paso,+1 800-983-9741,https://www.lasikvisioninstitute.com/lasik-eye-surgery/el-paso-lasik-center/?encSource=15780&utm_source=googlemaps&utm_medium=organic&utm_campaign=LVI-Organic-Referral-Listings-GoogleMaps-Organic-National-SearchListing,"10961 Gateway Blvd W #300, El Paso, TX 79935, USA",4.9,1218,0,false,false,google
7220f7b7-7153-45a8-8950-bb07197e2255,Walmart Vision & Glasses,optometry,US,El Paso,+1 915-860-7177,https://www.walmart.com/store/964-el-paso-tx/vision-center?veh=seo_loc,"9441 Alameda Ave, El Paso, TX 79907, USA",4.9,141,0,false,false,google
3a847c34-b9c3-4480-8207-671f80e72a21,El Paso Behavioral Health System,mental_health,US,El Paso,+1 915-544-4000,https://elpasobh.com/,"1900 Denver Ave, El Paso, TX 79902, USA",2.8,409,0,false,false,google
a137b534-46f4-4a1b-8104-be8db5acffb2,La Mente Behavioral Health,mental_health,US,El Paso,+1 915-201-0199,http://www.lamentehealth.com/,"entrance on Buffalo Soldier ( behind Fed EX, 6600 Montana Ave # P, El Paso, TX 79925, USA",4.4,227,0,false,false,google
99e1ff26-df82-485d-8aff-86886d039a9f,El Paso Psychiatric Center,mental_health,US,El Paso,+1 915-532-2202,https://www.hhs.texas.gov/services/mental-health-substance-use/state-hospitals/el-paso-psychiatric-center,"4615 Alameda Ave, El Paso, TX 79905, USA",2.9,52,0,false,false,google
0127f2de-00c8-4dde-bbd8-6ff04a97e790,La Mente Behavioral Health,mental_health,US,El Paso,+1 915-201-1848,https://lamentehealth.com/,"1030 N Zaragoza Rd suite y, El Paso, TX 79907, USA",4.1,93,0,false,false,google
c7e42e65-5535-4fba-b88c-75d7b7d13df6,Mind Forward Health Center,mental_health,US,El Paso,+1 915-832-1702,https://mindforwardhealthcenter.com/,"2150 Trawood Dr Ste B161, El Paso, TX 79935, USA",4.5,113,0,false,false,google
7a1f6594-5ded-458f-93a3-8114ba16ad14,"TMS El Paso - Alfredo H. Arellano PMHCNS-BC,PA - Psychiatry & TMS Clinic | Montana Location",mental_health,US,El Paso,+1 915-307-5796,https://aapsychiatry.com/,"1122 Montana Ave, El Paso, TX 79902, USA",4,68,0,false,false,google
8e3069a8-9556-4a09-9dae-873971dfcdc0,Brighter Days Behavioral Health,mental_health,US,El Paso,+1 915-233-6200,https://brighterdaysbh.com/,"11860 Vista del Sol Dr Suite 134, El Paso, TX 79936, USA",4.7,33,0,false,false,google
8af91c34-f18f-4532-a680-c545b4c2fcd2,Rio Vista Behavioral Health,mental_health,US,El Paso,+1 915-503-1959,https://www.riovistabehavioral.com/?utm_source=Google&utm_medium=organic&utm_campaign=listing&utm_term=brand,"1390 Northwestern Dr, El Paso, TX 79912, USA",2.6,317,0,false,false,google
0ac16420-7079-4c97-8ad6-4e12ff3eebf6,Paso Del Norte Children's Specialty Clinic,general,US,El Paso,+1 915-544-3229,https://www.providencemedicalpartners.com/locations/detail/paso-del-norte-children-s-specialty-clinic---east,"1201 E Schuster Ave Suite 5B, El Paso, TX 79902, USA",1,1,0,false,false,google
a68d4ade-f4ba-4afe-9dc5-f93624dd4dbe,Specialty Clinic,general,US,El Paso,+1 915-564-7555,,"5001 N Piedras St, El Paso, TX 79930, USA",0,0,0,false,false,google
4f54a6d7-0a59-4189-a38c-09f5338a0a57,Paso Del Norte Children's Specialty Clinic at Providence Medical Partners,general,US,El Paso,+1 915-271-4650,https://www.providencemedicalpartners.com/locations/detail/paso-del-norte-children-s-specialty-clinic---east,"2204 Joe Battle Blvd, El Paso, TX 79938, USA",0,0,0,false,false,google
38877623-5bcb-4763-8e66-12be41e0a4b7,PAD Specialists - El Paso,general,US,El Paso,+1 915-944-1673,https://padspcs.com/,"1810 Murchison Dr Ste 104, El Paso, TX 79902, USA",4.7,23,0,false,false,google
0b69bb2f-acb4-43ca-abba-90853953438b,MD Specialty Group,general,US,El Paso,+1 915-910-5646,https://mdspecialtygroup.com/,"6070 Gtwy Blvd E #100, El Paso, TX 79905, USA",0,0,0,false,false,google
b04d6a1b-7577-48a3-9b09-1a562bbbe7b2,"Divine Mental Healthcare Services, LLC",mental_health,US,El Paso,+1 915-262-0003,https://divinehealthcaresvc.com/,"1900 N Mesa St Ste. C, El Paso, TX 79902, USA",4,5,0,false,false,google
6ae1c91a-aed3-40ee-b592-a4a2c4db46f6,"The Hills Psychiatry, PLLC - TMS & Psychiatric Care with T. Shada, MD",mental_health,US,El Paso,+1 915-540-6673,http://www.thehillspsychiatry.com/,"1445 Bessemer Dr Building E, El Paso, TX 79936, USA",4.3,137,0,false,false,google
855f72e3-ed51-414d-a75f-09ac0c5eb67b,"Associated Behavioral and Trauma Specialties, East",mental_health,US,El Paso,+1 915-799-0747,http://www.abts.us/,"9440 Viscount Blvd #200, El Paso, TX 79925, USA",4.3,48,0,false,false,google
eab7eebd-f2fe-4891-84f1-776c074dd5d5,Bee Mindful Behavioral Health Clinic,mental_health,US,El Paso,+1 915-259-8155,https://beemindfulbh.com/,"4655 Cohen Ave Ste B, El Paso, TX 79924, USA",4.1,63,0,false,false,google
d6ec917d-337a-4c11-b697-8c1bf3e4e3c1,Emergence Health Network - Crisis Services,mental_health,US,El Paso,+1 915-779-1800,http://emergencehealthnetwork.org/,"1601 Yandell Dr, El Paso, TX 79903, USA",2.6,48,0,false,false,google
bdbe1473-4600-46b0-9273-2fe6c817a640,Haracec Complete Healthcare,mental_health,US,El Paso,+1 915-200-1144,https://haracechealth.com/,"1700 Curie Dr, El Paso, TX 79902, USA",4.9,120,0,false,false,google
0d2b6361-e808-4825-b6ac-1c487655c55e,TeleMind,mental_health,US,El Paso,+1 800-950-0026,https://telemind.com/,"1401 Montana Ave Suite B-9, El Paso, TX 79902, USA",4.6,97,0,false,false,google
a8728704-bf1a-4c8b-903d-15cdf2610f5a,Freedom Behavioral Health Solutions,mental_health,US,El Paso,+1 915-249-6227,https://freedombhs.com/locations/el-paso/,"6601 Montana Ave suite-J, El Paso, TX 79925, USA",4.6,11,0,false,false,google
752a4806-b0ce-44c4-9e7b-a568c1e51804,Borderland Health Services,mental_health,US,El Paso,+1 915-337-5912,http://www.borderlandhealth.org/,"1701 Bassett Ave Suite 148, El Paso, TX 79901, USA",3.6,28,0,false,false,google
44f8510c-e981-4ca0-aa01-b8329632e90b,Bumblebee Behavioral Health,mental_health,US,El Paso,+1 915-875-1030,https://bumblebeebehavioralhealth.com/,"810 Yandell Dr, El Paso, TX 79902, USA",4.2,40,0,false,false,google
b8a18e69-956e-43ad-b777-af53d81a5b41,Eastside Women's Healthcare Center,obgyn,US,El Paso,+1 915-591-4624,https://womenscareofelpaso.com/locations/eastside-womens-healthcare-vista-del-sol/?utm_campaign=corp_listings_mgmt&utm_source=google&utm_medium=business_listing,"11040 Vista del Sol Dr Suite A, El Paso, TX 79935, USA",4.4,239,0,false,false,google
0131b147-991a-4293-8640-a1777dc5fe3e,LPDS Women's Resource Center - Alameda,obgyn,US,El Paso,+1 915-775-1220,https://laspalmasdelsolhealthcare.com/service/womens-and-teen-centers?utm_campaign=corp_listings_mgmt&utm_source=google&utm_medium=business_listing,"5557 Alameda Ave, El Paso, TX 79905, USA",4.5,37,0,false,false,google
fb026fa0-d042-4d78-9ebe-71d696ad6ab9,El Paso Clinic,obgyn,US,El Paso,+1 915-910-6700,,"1400 George Dieter Dr #240, El Paso, TX 79936, USA",5,12,0,false,false,google
e49d1b5d-15ef-4e3a-896c-bfe07c8991fc,LPDS Women's Resource Center – Sean Haggerty,obgyn,US,El Paso,+1 915-257-1296,https://laspalmasdelsolhealthcare.com/location/women-teen-centers?utm_campaign=corp_listings_mgmt&utm_source=google&utm_medium=business_listing,"11400 Sean Haggerty Dr Bldg. E Suite 505, El Paso, TX 79924, USA",5,40,0,false,false,google
0e3dcb74-0fc9-46e6-ba80-cda1ded1d127,Advanced Center for Women's Health at Providence,obgyn,US,El Paso,+1 915-532-9100,https://www.providencemedicalpartners.com/locations/detail/advanced-center-for-women-s-health-at-providence---medical-center,"1700 Curie Dr # 1500, El Paso, TX 79902, USA",5,2,0,false,false,google
ba7d0c60-2d34-423f-b5c4-683127d1f3f1,Advanced Center for Women's Health at Providence,obgyn,US,El Paso,+1 915-533-1960,https://providencewomenshealthpartners.com/,"1000 N Mesa St, El Paso, TX 79902, USA",2.6,39,0,false,false,google
4cef866f-fc5f-4fbe-b448-7d917fad0560,Her Health ObGyn & Fertility Center,obgyn,US,El Paso,+1 915-629-0442,,"9398 Viscount Blvd #2b, El Paso, TX 79925, USA",2.6,130,0,false,false,google
557a8a56-cf66-48b3-8549-79e05b61c9af,Veema Women’s Health Center,obgyn,US,El Paso,+1 915-201-2520,http://veemaep.com/,"10201 Gateway Blvd W #330, El Paso, TX 79925, USA",4.6,284,0,false,false,google
48587fba-9678-499f-9530-e5805e0da8c1,El Paso Men's & Women's Clinic,obgyn,US,El Paso,+1 915-271-8400,https://elpasomensandwomensclinic.com/,"125 W Hague Rd # 110, El Paso, TX 79902, USA",4.8,321,0,false,false,google
d7d948f8-0e89-4849-be25-c10251c467b2,Physicians For Women El Paso,obgyn,US,El Paso,+1 915-595-5439,https://www.physiciansforwomenelpaso.com/?utm_source=gmb_auth,"1671 N Zaragoza Rd suite a, El Paso, TX 79936, USA",4.6,917,0,false,false,google
ad2c6143-21c8-4656-9ddc-c22a165854c0,Advanced Center for Women's Health at Providence,obgyn,US,El Paso,+1 915-271-4600,https://providencewomenshealthpartners.com/,"3270 Joe Battle Blvd Suite 275, El Paso, TX 79938, USA",2.1,52,0,false,false,google
c94c7c78-366b-4b38-a2bb-8e92e9ee53b5,Latinx Women's Health,obgyn,US,El Paso,+1 915-400-7734,http://www.latinxwomenshealth.com/,"4530 Montana Ave, El Paso, TX 79903, USA",5,5,0,false,false,google
936e1cf0-c356-4d58-92ea-f1f5cb759b2f,Advanced Center for Women's Health at Providence,obgyn,US,El Paso,+1 915-225-2455,https://providencewomenshealthpartners.com/,"125 W Hague Rd Ste. 300, El Paso, TX 79902, USA",3,2,0,false,false,google
aba15355-5085-404b-8a10-2f730a9d5a96,Harmony Women's Clinic,obgyn,US,El Paso,+1 541-212-9003,,"1600 Medical Center St #109, El Paso, TX 79902, USA",3.7,22,0,false,false,google
fa32aedf-3c35-476a-b5b8-39be809e73fa,UMC Healthcare Partners Obstetrics and Gynecology Alameda,obgyn,US,El Paso,+1 915-200-2676,https://www.umchealthpartners.org/medical-services/department/obgyn-clinic-alameda,"5400 Alameda Ave Suite A, El Paso, TX 79905, USA",5,1,0,false,false,google
36197f19-9576-4cd8-bd84-f2a5f063243e,Providence Women's Health Partners - Mesa,obgyn,US,El Paso,+1 915-577-9900,https://providencewomenshealthpartners.com/,"1800 N Mesa St Suite 200, El Paso, TX 79902, USA",2.5,13,0,false,false,google
ecf6c21f-9865-461c-9c71-1302e154dff4,Texas Tech Physicians of El Paso - OBGYN,obgyn,US,El Paso,+1 915-215-5000,https://ttpelpaso.com/locations/alberta/obstetrics-and-gynecology.aspx,"4801 Alberta Ave, El Paso, TX 79905, USA",4.1,150,0,false,false,google
b298fef3-a1df-40c3-ae09-8537c8dd7806,Her Health OB/GYN & Fertility Center,obgyn,US,El Paso,+1 915-629-0442,,"6000 Northern Pass Dr STE B, El Paso, TX 79912, USA",3,115,0,false,false,google
c83dc59c-8f86-44b2-b59b-30f28b2ef4ac,Eastside Women's Healthcare - Horizon City,obgyn,US,Horizon City,+1 915-591-4624,https://womenscareofelpaso.com/?utm_campaign=corp_listings_mgmt&utm_source=google&utm_medium=business_listing,"13001 Eastlake Blvd Suite 114, Horizon City, TX 79928, USA",5,26,0,false,false,google
88f73f39-753d-487d-aa3f-663d09f33808,Women's Reproductive Clinic of New Mexico,obgyn,US,Santa Teresa,+1 575-332-9452,https://www.reproductiveservices.com/,"5300 McNutt Rd STE 11, Santa Teresa, NM 88008, USA",4.6,191,0,false,false,google
cff26712-0031-42a0-aca7-c893ba0f1fe3,"Pediatric Health Center, PA",pediatrics,US,El Paso,+1 915-593-5444,http://www.patelphc.com/,"11026 Vista del Sol Dr, El Paso, TX 79935, USA",4.8,183,0,false,false,google
8cbb152c-6eee-43f9-b8ac-7bd512348d32,PediCarePM Pediatric Night Clinic,pediatrics,US,El Paso,+1 915-209-7382,https://www.pedicarepm.com/?utm_source=google&utm_medium=wix_google_business_profile&utm_campaign=14629650611661256560,"9001 Cashew Dr Ste 100, El Paso, TX 79907, USA",4.7,15,0,false,false,google
eb6bee2d-bed3-4706-888b-b84d88a9df37,El Paso Pediatric Associates,pediatrics,US,El Paso,+1 915-593-2033,http://elpasopeds.com/,"1160 Saddle Bronc Dr, El Paso, TX 79925, USA",4.3,504,0,false,false,google
da5fec0f-3084-4355-bba5-8c0127b1889b,Dr Patricia Azarcon @ Children's Clinic Of El Paso,pediatrics,US,El Paso,+1 915-592-2600,https://www.drpatriciaazarcon.com/,"11544 Vista del Sol Dr, El Paso, TX 79936, USA",4.5,242,0,false,false,google
a7a8763b-22f1-492a-935a-d36e50fb6753,"Paso Del Norte Pediatrics, P.A.",pediatrics,US,El Paso,+1 915-590-5600,https://mdmedicalgroup.us/location/paso-del-norte-pediatrics/,"2325 Pershing Dr, El Paso, TX 79903, USA",4.4,392,0,false,false,google
58ce8df1-5237-4129-b4ef-74453036f68c,MD Kids Pediatrics,pediatrics,US,El Paso,+1 915-855-7700,https://mdmedicalgroup.us/location/east-el-paso/,"1512 N Zaragoza Rd Ste A1, El Paso, TX 79936, USA",4.7,292,0,false,false,google
61a02a9d-f18e-48a1-aa83-917faa7cc118,El Paso Children’s Hospital,pediatrics,US,El Paso,+1 915-298-5444,http://elpasochildrens.org/,"4845 Alameda Ave, El Paso, TX 79905, USA",3.2,279,0,false,false,google
57128172-3e37-4fea-b3c9-156d6bb00bab,El Paso Kids Klinic,pediatrics,US,El Paso,+1 915-225-3807,https://elpasokidsklinic.net/,"11351-F James Watt Dr, El Paso, TX 79936, USA",4.1,56,0,false,false,google
d53c888f-d196-4c11-aaca-7075ae55b4f9,Pininos Pediatrics,pediatrics,US,El Paso,+1 915-996-9700,http://www.pininospediatrics.com/,"4321 N Mesa St Suite B, El Paso, TX 79902, USA",4.4,59,0,false,false,google
96cdc8c4-33dd-450c-a081-6b1e0f8ed10c,"Sun City Kidz Clinic, PA",pediatrics,US,El Paso,+1 915-544-5439,https://www.suncitykidz.com/,"3917 N Mesa St, El Paso, TX 79902, USA",4.1,74,0,false,false,google
9daeeb2e-c082-4609-8526-e346ac1d2d88,Central Texas Pediatric Night Clinic,pediatrics,US,El Paso,+1 915-593-6444,https://ctexaspediatric26.wixsite.com/mysite,"7888 Gtwy Blvd E, El Paso, TX 79915, USA",3,100,0,false,false,google
e041f52a-67d2-4510-a490-60d7bffc75eb,Pediatric Partners El Paso,pediatrics,US,El Paso,+1 915-591-7704,http://www.pediatricpartnerselp.com/,"1390 George Dieter Dr #100, El Paso, TX 79936, USA",3.6,183,0,false,false,google
d4f12456-65ed-4730-a511-60f6edbe437e,Dr.Patel’s Pediatric Health Center West,pediatrics,US,El Paso,+1 915-838-0100,http://www.patelphc.com/,"3901 N Mesa St, El Paso, TX 79902, USA",4.4,13,0,false,false,google
6674a072-a27b-4061-86d0-323c071a8df5,Texas Tech Physicians of El Paso - Pediatrics,pediatrics,US,El Paso,+1 915-215-5700,https://ttpelpaso.com/locations/alberta/pediatrics.aspx,"4801 Alberta Ave, El Paso, TX 79905, USA",3.1,63,0,false,false,google
3c684d60-9550-4d28-a57d-f160f71e873a,Desert Pediatrics,pediatrics,US,El Paso,+1 915-302-3030,http://desertpedstx.com/,"801 Wyoming Ave, El Paso, TX 79902, USA",4.9,25,0,false,false,google
7c251222-0d95-48eb-9af1-9a780895343a,Children Pediatric Practice,pediatrics,US,El Paso,+1 915-351-0302,,"6301 Northern Pass Dr suite 3B, El Paso, TX 79911, USA",4.4,213,0,false,false,google
362562dd-6568-4c15-9b70-03a1ac7d94a3,Pediatric Group North East,pediatrics,US,El Paso,+1 915-217-1140,https://mdmedicalgroup.us/location/northeast-el-paso/,"4659 Cohen Ave a, El Paso, TX 79924, USA",4.5,299,0,false,false,google
cad87054-f3bd-47f3-af24-87110924a298,Pediatric GI of El Paso,pediatrics,US,El Paso,+1 915-615-7005,http://www.elppedsgi.com/,"10470 Vista del Sol Dr #100, El Paso, TX 79925, USA",4.9,107,0,false,false,google
1183d880-0970-4c13-acc9-2b1b972beb30,El Paso Children's Multispecialty Center,pediatrics,US,El Paso,+1 915-242-8402,https://elpasochildrens.org/,"5400 Alameda Ave, El Paso, TX 79905, USA",3.5,17,0,false,false,google
e0a668f5-5c2e-4e27-af4e-e4f9d58d249d,Md Kids Pediatrics Lomaland,pediatrics,US,El Paso,+1 915-590-4555,https://mdmedicalgroup.us/location/lomaland/,"1570 Lomaland Dr STE A, El Paso, TX 79935, USA",4.5,303,0,false,false,google
b3608bde-ea14-4b41-b3a7-c9f42ffe8bf8,Specialty Clinics of El Paso,general,US,El Paso,+1 915-592-6868,,"7812 Gtwy Blvd E # 200, El Paso, TX 79915, USA",5,1,0,false,false,google
d1001380-bb82-4d3f-8785-12f9b51f0fb1,Premier Specialty Hospital of El Paso,general,US,El Paso,,https://premiersh.com/covid-19/,"2311 N Oregon St Floor 5, El Paso, TX 79902, USA",4.1,68,0,false,false,google
13d723f4-2768-4d7a-8942-6deb26b70d06,The Hospitals of Providence Children's Specialty clinic,general,US,El Paso,+1 915-577-7888,https://www.providencechildrenshospital.com/locations/detail/providence-children's-specialty-clinic/?utm_campaign=gmb_listings_mgmt&utm_source=gmb-thop-childrens-specialty-clinic&utm_medium=google-local,"2100 N Oregon St, El Paso, TX 79902, USA",2.5,4,0,false,false,google
59787d6f-1c45-4fc5-8caa-8d547b7d5986,El Paso Children's Specialty Clinic - Dr. Shumyle Alam,general,US,El Paso,+1 915-242-8402,https://elpasochildrens.org/urology/,"5400 Alameda Ave, El Paso, TX 79905, USA",4,4,0,false,false,google
a0bf99b9-de01-452e-92ba-7ed7e723500a,Multi Speciality Clinic II,general,US,El Paso,+1 915-569-2737,,"5005 N Piedras St, El Paso, TX 79920, USA",0,0,0,false,false,google
c2f9d430-50b1-4457-b64f-118f06ad3096,The Hospitals of Providence Specialty Campus,general,US,El Paso,+1 915-747-1311,https://www.thehospitalsofprovidence.com/locations/detail/the-hospitals-of-providence-specialty-campus/?utm_campaign=gmb_listings_mgmt&utm_source=gmb-thop-specialty-campus&utm_medium=google-local,"1755 Curie Dr, El Paso, TX 79902, USA",3.3,3,0,false,false,google
0dc6490c-f4bf-4d88-9e3b-15658d038eeb,Paso del Norte Children's Specialty Clinic,general,US,El Paso,+1 915-271-4650,https://www.providencemedicalpartners.com/locations/detail/paso-del-norte-children-s-specialty-clinic---east,"125 W Hague Rd Suite 400, El Paso, TX 79902, USA",0,0,0,false,false,google
f4b22580-c23f-4021-af86-a4f3c414420a,"Texas Tech Health Sciences, Specialty Clinic",general,US,El Paso,,,"9830 Gateway N Blvd Ste. B, El Paso, TX 79924, USA",0,0,0,false,false,google
7ada3805-8e62-49f9-b0fd-4a1358a3fa0c,Texas Tech Physicians of El Paso,general,US,El Paso,+1 915-215-8000,https://ttpelpaso.com/,"4801 Alberta Ave, El Paso, TX 79905, USA",3.9,250,0,false,false,google
fe8034c9-c292-41bc-acb2-b87a6e4c0ce6,Mesa Hills Specialty Hospital & Wound Care and Horizons Healthcare Center,general,US,El Paso,+1 915-545-1823,,"2311 N Oregon St, El Paso, TX 79912, USA",3,4,0,false,false,google
64c9b948-f3e2-4058-ae30-455f7b80e39f,West Texas Medical Specialties,general,US,El Paso,+1 915-532-8223,,"1320 Texas Ave, El Paso, TX 79901, USA",3.6,9,0,false,false,google
bbba995e-5c52-4be5-b6ab-c175b6120cb6,Vance Survival Shoppe,general,US,El Paso,,https://www.providence.org/,"1901 N Oregon St, El Paso, TX 79902, USA",2.8,9,0,false,false,google
5daca623-2954-48fe-84a3-5f8185ef2dca,Walgreens Pharmacy,pharmacy,US,El Paso,+1 915-591-9496,https://www.walgreens.com/locator/walgreens-1210+wedgewood+dr-el+paso-tx-79925/id=1293,"1210 Wedgewood Dr, El Paso, TX 79925, USA",4.1,40,0,false,false,google
f6d179e5-61b4-4cf8-8b53-20347a64c819,CVS Pharmacy,pharmacy,US,El Paso,+1 915-594-4621,https://www.cvs.com/store-locator/el-paso-tx-pharmacies/1212-mcrae-blvd-el-paso-tx-79925/storeid=10215?WT.mc_id=LS_GOOGLE_RX_10215,"1212 McRae Blvd, El Paso, TX 79925, USA",4.3,69,0,false,false,google
aed46e3e-6650-4603-aa23-fc0ea86900bf,Walgreens Pharmacy,pharmacy,US,El Paso,+1 915-594-1129,https://www.walgreens.com/locator/walgreens-1831+n+lee+trevino+dr-el+paso-tx-79936/id=6435,"1831 Lee Trevino Dr, El Paso, TX 79936, USA",3.9,30,0,false,false,google
151324cc-6275-4c60-8e80-d845e0d14759,Walgreens Pharmacy,pharmacy,US,El Paso,+1 915-585-0491,https://www.walgreens.com/locator/walgreens-8050+n+mesa+st-el+paso-tx-79932/id=9173,"8050 N Mesa St, El Paso, TX 79932, USA",3.5,36,0,false,false,google
7ff206db-3980-46ba-9e80-b3a55120491d,CVS,pharmacy,US,El Paso,+1 915-594-4621,https://www.cvs.com/store-locator/el-paso-tx-pharmacies/1212-mcrae-blvd-el-paso-tx-79925/storeid=10215?WT.mc_id=LS_GOOGLE_FS_10215,"1212 McRae Blvd, El Paso, TX 79925, USA",2.9,138,0,false,false,google
126a13bb-4f12-4d7f-bd3a-7825e546ad8d,CVS Pharmacy,pharmacy,US,El Paso,+1 915-599-9000,https://www.cvs.com/store-locator/el-paso-tx-pharmacies/1780-lee-trevino-el-paso-tx-79936/storeid=11044?WT.mc_id=LS_GOOGLE_RX_11044,"1780 Lee Trevino Dr, El Paso, TX 79936, USA",4.2,114,0,false,false,google
3d43c7e8-d8cc-46f2-9040-3c1713ed821d,CVS Pharmacy,pharmacy,US,El Paso,+1 915-751-1753,https://www.cvs.com/store-locator/el-paso-tx-pharmacies/9060-dyer-st-el-paso-tx-79904/storeid=11160?WT.mc_id=LS_GOOGLE_RX_11160,"9060 Dyer St, El Paso, TX 79904, USA",4.1,117,0,false,false,google
361541f5-8be1-4d18-b4d4-ebf87319119e,PharMerica,pharmacy,US,El Paso,+1 915-545-1955,http://www.pharmerica.com/,"4171 N Mesa St, El Paso, TX 79902, USA",2.3,3,0,false,false,google
9b03a3bf-952e-4b99-8466-4583ecaa0ea2,Walgreens,pharmacy,US,El Paso,+1 915-585-0491,https://www.walgreens.com/locator/walgreens-8050+n+mesa+st-el+paso-tx-79932/id=9173,"8050 N Mesa St, El Paso, TX 79932, USA",2.5,191,0,false,false,google
46163875-a61e-494c-8994-7c291eb72674,El Paso Pharmacy,pharmacy,US,El Paso,+1 915-302-6555,https://www.elpasopharmacyrx.com/,"1400 George Dieter Dr Ste #180, El Paso, TX 79936, USA",5,5,0,false,false,google
49d9576d-dcc5-4dcf-b42e-c0255468b95b,Alameda Thrifty Pharmacy,pharmacy,US,El Paso,+1 915-772-5331,https://www.mygnp.com/pharmacies/alameda-thrifty-pharmacy-el-paso-tx-79905/,"4900 Alameda Ave SUITE A, El Paso, TX 79905, USA",4.9,224,0,false,false,google
a63f8175-64d1-47b7-869a-1c29b4a0e7de,Farmacias Guadalajara Suc. Tecnologico,pharmacy,MX,Juárez,+52 833 276 2242,https://www.farmaciasguadalajara.com/ayuda/localizador-de-superfarmacias,"Chihuahua - Miguel Ahumada 5055, Comunitario Jarudo, 32652 Juárez, Chih., Mexico",4.1,95,0,false,false,google
d0b68a31-7847-4533-a543-118337e2821c,Surecare Specialty Pharmacy,pharmacy,US,El Paso,+1 915-532-2400,https://www.mysurecare.com/,"4005 N Mesa St, El Paso, TX 79902, USA",4.2,101,0,false,false,google
1501ed83-a5ef-4c15-a751-2f965b866d5d,MESA HILLS PHARMACY,pharmacy,US,El Paso,+1 915-308-2050,https://www.mesahillsrx.com/,"310 S Mesa Hills Dr, El Paso, TX 79912, USA",5,699,0,false,false,google
5dc73958-ebfb-4e38-97dd-51feae13eb94,El Paso Animal Emergency Center,pharmacy,US,El Paso,+1 915-545-1148,https://www.epanimalemergency.com/,"1220 Airway Blvd, El Paso, TX 79925, USA",3.9,1481,0,false,false,google
040da25f-0e86-429c-a51d-ae3e19957747,Hospice El Paso,pharmacy,US,El Paso,+1 915-532-5699,http://www.hospiceelpaso.org/?utm_source=gmb&utm_medium=organic&utm_campaign=elpaso,"8515 Lockheed Dr, El Paso, TX 79925, USA",4,70,0,false,false,google
f916c664-1220-447b-b7ee-655af060925c,Lucero Albert M,pharmacy,US,El Paso,+1 915-545-7080,,"700 S Ochoa St, El Paso, TX 79901, USA",5,1,0,false,false,google
2b99197e-ee55-45e3-98a6-0b59ddd28838,Farma Ahorro,pharmacy,MX,Juárez,,,"Rincón del Valle 6757, Rincón del Valle, 32605 Juárez, Chih., Mexico",3,3,0,false,false,google
56815009-90da-46a2-86a5-bd8f3998723d,Serenity Telecare,telehealth,US,El Paso,+1 915-630-1373,https://www.serenitytelecare.com/,"12210 Montwood Dr, El Paso, TX 79928, USA",5,6,0,false,false,google
6006f4db-e8a3-436c-8d59-cff9c03e7587,Texas Tech University Health Sciences Center El Paso,telehealth,US,El Paso,+1 915-215-8000,http://www.elpaso.ttuhsc.edu/,"5001 El Paso Dr, El Paso, TX 79905, USA",4,40,0,false,false,google
93ae0a2c-3322-44ba-9730-f140771a2082,Medical Services of the Border,telehealth,US,El Paso,+1 915-249-4470,https://www.epmedicalborder.com/,"2121 Wyoming Ave, El Paso, TX 79903, USA",5,1,0,false,false,google
dffa0804-4a7d-4df0-bed9-566170e6c7d7,El Paso Health,telehealth,US,El Paso,+1 915-532-3778,http://www.elpasohealth.com/,"1145 Westmoreland Dr, El Paso, TX 79925, USA",4.3,139,0,false,false,google
1e2c03a9-8fc2-496e-9cb8-fcbb585ac89a,Access One Medical,telehealth,US,El Paso,+1 915-777-3987,http://www.access1med.com/,"4625 Alabama St, El Paso, TX 79930, USA",4.4,14,0,false,false,google
69929c7c-13d1-49b0-bddf-febab4c48a7d,"West Texas Pain Institute: Raul Lopez, MD",telehealth,US,El Paso,+1 915-313-4443,https://www.westtexaspain.com/?utm_source=gmb_auth,"7878 Gtwy Blvd E Suite 402, El Paso, TX 79915, USA",4.7,1554,0,false,false,google
08ff4c55-695d-4b3a-8c7c-ecb0c7e1faf0,TeleWellness Hub,telehealth,US,El Paso,+1 210-201-3213,https://telewellnesshub.com/,"4501 Osborne Dr, El Paso, TX 79922, USA",0,0,0,false,false,google
1c1765e7-0815-40d4-bbb1-6652cf9ed11e,Unidad Medica Integral de Atencion Familiar,general,MX,Juárez,+52 656 690 7023,,"Calle Ramón Rayon 2036, Rinconada de las Torres, 32575 Juárez, Chih., Mexico",3.3,183,0,false,false,google
515172a0-a456-4ade-a544-20829af82970,SERMED Consultorio Médico 24 horas,general,MX,Juárez,+52 656 627 8671,https://www.sermedjuarez.com/,"Plaza IZA, C. Valle del Sol 1961-Local 2, Partido Senecú, 32469 Juárez, Chih., Mexico",3.5,44,0,false,false,google
ea0e3235-3d55-41fe-a7b6-a7c2f5822f98,Family Clinic,general,MX,Juárez,+52 656 631 2048,http://www.femap.org.mx/,"Henequén 950, Morelos II, 32573 Juárez, Chih., Mexico",3.8,105,0,false,false,google
8c3b3dca-5ee2-4ccf-97f1-a5dd43ecff57,Unidad Medica Familiar San Antonio,general,MX,Juárez,+52 656 213 9749,,"Calle Sevilla & Calle Grécia, San Antonio, 32250 Juárez, Chih., Mexico",3.5,42,0,false,false,google
7dd9eb91-490d-4a1b-9856-7c62e987225e,🏥 Consultorio Médico 👨‍⚕️ / 🏥 Atención Medica Integral 👨‍⚕️,general,MX,Juárez,+52 656 131 6116,https://www.facebook.com/consultoriomedicolafe?mibextid=ZbWKwL,"Blvd. Óscar Flores 5407-208, La Cuesta, 32650 Juárez, Chih., Mexico",4.9,62,0,false,false,google
b1acd4ac-19ab-41bd-b0af-9f687814f8aa,Clínica Médica Internacional,general,MX,Juárez,+52 656 227 2800,https://cmi-medical.com/,"Ramón Rivera Lara 9020, 32543 Juárez, Chih., Mexico",4.8,3811,0,false,false,google
3d50ba52-f578-4110-bb56-23ad9fb66c9c,Unidad de Medicina Familiar No. 34,general,MX,Juárez,+52 656 617 7376,http://www.imss.gob.mx/,"Av Valentín Fuentes Varela s/n, Portal, 32809 Juárez, Chih., Mexico",3.8,25,0,false,false,google
dee14bde-68d0-4606-b89d-39898074d7f0,Servicios Médicos de la Frontera,general,MX,Juárez,+52 656 688 2700,https://www.smf.com.mx/,"Ramón Rivera Lara 8950, 32540 Juárez, Chih., Mexico",4.9,2244,0,false,false,google
918aacb4-7805-4795-a39f-2c7d8259e1ad,IMSS UMF 61,general,MX,Juárez,+52 656 613 0312,http://www.imss.gob.mx/,"32315, Zona Pronaf, Zona Pronaf Condominio La Plata, 32315 Juárez, Chih., Mexico",3,15,0,false,false,google
8790dcab-ac73-4e2f-b9c8-167e28ca5be7,Issste,general,MX,Juárez,+52 656 232 8584,http://www.issste.gob.mx/,"C. Yepomera 10160, Universidad, 32575 Juárez, Chih., Mexico",3.3,43,0,false,false,google
4477fbb9-9fe7-4688-857d-eb6cc9e6d5c5,UMF 46 IMSS,general,MX,Juárez,+52 656 613 3240,http://www.imss.gob.mx/,"Av. Henry Dunant 610, Pronaf, Zona Pronaf Condominio La Plata, 32310 Juárez, Chih., Mexico",3.8,77,0,false,false,google
ea893a08-9bbf-4e30-a321-3db1dd1ec9da,Family Medicine Unit No. 64,general,MX,Juárez,+52 656 624 4502,http://www.imss.gob.mx/,"Blvd. Zaragoza 1581, Desarrollo Salvarcar, 32580 Juárez, Chih., Mexico",2.8,58,0,false,false,google
c2b3bac1-b735-4bf4-99ac-48625f5f1c04,Family Hospital,general,MX,Juárez,+52 656 614 7011,http://www.femap.org.mx/,"C. Malecón No. 788, Centro, 32000 Juárez, Chih., Mexico",3.9,633,0,false,false,google
ebb3fbfc-7bf2-4b95-b5b9-232e98c04dda,Centro de Salud CESSA Colinas,general,MX,Juárez,+52 656 170 3629,,"C. Zacatecas 6330, Colina de Juárez, 32680 Juárez, Chih., Mexico",4.3,75,0,false,false,google
3c67be52-0c1e-4c96-bed4-69b622c532c2,Centro Medico de Especialidades,general,MX,Juárez,+52 656 686 0400,http://centromedicojrz.com/,"Av. de Las Americas 201, Margaritas, 32300 Juárez, Chih., Mexico",3.6,279,0,false,false,google
0f78ab54-700d-405f-91d4-8e8dd1aeedc7,Unidad de Medicina Familiar IMSS No.47,general,MX,Juárez,+52 656 614 8803,,"C. Libertad 2015, Anáhuac, 32240 Juárez, Chih., Mexico",3.1,25,0,false,false,google
1a300f69-8e44-4fdd-8bd8-b4bffd50f613,UMF No. 48,general,MX,Juárez,+52 656 619 6611,http://www.imss.gob.mx/directorio,"Av. Manuel Jesús Clouthier 8625, Las Lomas, 32668 Juárez, Chih., Mexico",3.8,141,0,false,false,google
0d0dcece-674e-45c1-9915-00f96ed414d3,Unidad de Medicina Familiar IMSS No. 56,general,MX,Juárez,+52 800 623 2323,http://www.imss.gob.mx/,"Calle Miguel Hidalgo NO. 3904, Durango, 32160 Juárez, Chih., Mexico",2.8,45,0,false,false,google
3aef468a-e303-4732-b579-30e7f8565817,Clínica Santa Teresa,general,MX,Juárez,+52 656 681 1866,,"Leopoldo, Dorantes 8216, Heroes de La Revolución, 32696 Juárez, Chih., Mexico",4.2,36,0,false,false,google
edf9eca9-4913-4ca5-b637-9de3b5c1bee3,The Good Samaritan Medical Center,general,MX,Juárez,+1 800-520-0360,http://goodsamaritanmx.com/,"Av. de los Insurgentes 4419, El Colegio, 32310 Juárez, Chih., Mexico",4.9,101,0,false,false,google
4de79d09-94be-4ff7-9e6d-53cac4bd07b7,Centro médico nogales,general,MX,Juárez,+52 656 613 4811,,"Av. Adolfo López Mateos 1230, Los Nogales, 32350 Juárez, Chih., Mexico",3.6,58,0,false,false,google
47efa5b8-5102-43e5-8675-6e5004729e98,Emergency Medical Specialty Center,general,MX,Juárez,+52 656 686 0400,http://centromedicojrz.com/,"Av. de Las Americas 212, Margaritas, 32300 Juárez, Chih., Mexico",3.2,32,0,false,false,google
bb912606-01df-40bb-862c-7044c8791f75,Centro de Salud Todos Somos Mexicanos,general,MX,Juárez,+52 656 612 7284,https://chihuahua.gob.mx/contenidos/inaugura-javier-corral-centro-de-salud-todos-somos-mexicanos-en-juarez,"Av. Francisco Villa s/n, Centro, 32000 Juárez, Chih., Mexico",3.8,104,0,false,false,google
53da0c8d-9dd7-4b3f-b30d-7d27f13682f8,Unidad de atención primaria - Soy tu medico,general,MX,Juárez,+52 656 599 6270,,"Fr. Juan Talabar 1143, 32575 Juárez, Chih., Mexico",0,0,0,false,false,google
24d35e87-bc58-4a3a-a9c1-2f7216f81036,Centro Médico de Especialidades,general,MX,Juárez,+52 656 690 7705,http://centromedicojrz.com/,"Av. Gómez Morín, Esq. Francisco Villarreal, Centro Comercial Plaza Sendero, 32422 Juárez, Chih., Mexico",3,79,0,false,false,google
6f51f9f9-7cd1-426c-b05d-b81e2b75e45e,Direccion de Salud Municipal,general,MX,Juárez,+52 656 737 0717,,"Av. Adolfo López Mateos 376, Monumental, 32310 Juárez, Chih., Mexico",5,2,0,false,false,google
4d45d37d-755a-49fc-8ed5-de1a643bb356,Centro Médico de Especialidades Unidad Las Torres,general,MX,Juárez,+52 656 690 7819,https://centromedicojrz.com/,"Av. De las Torres #1538, Esq, C. José Reyes Estrada, Torres del Pri, 32574 Juárez, Chih., Mexico",3.3,116,0,false,false,google
f7fa27cc-0b02-41bd-a81f-9b174e2f03a2,Hospital Unidad Médica Especializada,general,MX,Juárez,+52 656 208 0544,https://www.hospitalume.mx/index.html,"Blvd. Independencia 841, Zaragoza, 32570 Juárez, Chih., Mexico",3.2,139,0,false,false,google
0b3edd47-2739-4b03-ae19-28aaee05cbcf,Centro de Salud Fidel Ávila,general,MX,Juárez,+52 656 631 2087,,"Av. Fidel Ávila 1550, Fidel Ávila, 32540 Juárez, Chih., Mexico",3.2,13,0,false,false,google
889b26e4-4c96-4392-81f3-b90a6adf7970,Star Medica Ciudad Juarez Hospital,general,MX,Juárez,+52 656 227 5700,http://www.starmedica.com/,"Av. P.º de la Victoria 4370, Partido Iglesias, 32618 Juárez, Chih., Mexico",3.5,390,0,false,false,google
1ee5309a-1d17-4fbe-9cc7-db56d14e0223,Clínca Navarro,general,MX,Juárez,+52 656 682 0279,,"Blvd. Manuel Gómez Morín 751, María Isabel, 32560 Juárez, Chih., Mexico",3.7,40,0,false,false,google
3f48fd8c-6459-4dc4-9484-27b9ca816d8b,Unidad Médica Municipal Sucursal Lerdo,general,MX,Juárez,,,"Av Lerdo 744, Cuauhtémoc, 32000 Juárez, Chih., Mexico",5,1,0,false,false,google
67ca5f00-9a16-472b-8d4c-6a6fc2b65698,Dr. Daniel Chaparro Atención médica primaria.,general,MX,Juárez,+52 656 599 6070,,"C. Durango 1336, Morelos II, 32573 Juárez, Chih., Mexico",0,0,0,false,false,google
9993b4b7-6902-4806-b635-d5d7cf2b024b,Hospital Star Médica Ciudad Juárez : Urgencias,general,MX,Juárez,+52 656 227 5700,,"Av. P.º de la Victoria 4370, Partido Iglesias, 32618 Juárez, Chih., Mexico",5,1,0,false,false,google
4517c42f-4856-446e-9a03-7082a1c55247,Centro Medico de Especialidades de Ciudad: Especialidades Ginecologicas,general,MX,Juárez,+52 656 686 0400,https://www.centromedicojrz.com/,"Ignacio Ramírez 225A, Margaritas, 32300 Juárez, Chih., Mexico",0,0,0,false,false,google
bfc263db-ef04-46db-b859-2395acad6752,Urgencias,urgent_care,MX,Juárez,+52 656 629 3300,,"Av. Paseo Triunfo de la República 2401, Margaritas, 32300 Juárez, Chih., Mexico",5,1,0,false,false,google
9a2f7504-83ef-4d04-b74d-e65e2a246418,Servicio Médico de Urgencias,urgent_care,MX,Juárez,,,"Eje Vial Juan Gabriel 2940, Eje Juan Gabriel, 32380 Juárez, Chih., Mexico",0,0,0,false,false,google
6e14524a-6599-4543-bfd6-aab6f1bd2664,Unidad Médica Municipal Santiago Troncoso,general,MX,Juárez,+52 656 737 0590,,"Av Santiago Troncoso y calle 7ma, Intermex, 32575 Juárez, Chih., Mexico",4,583,0,false,false,google
8a0f5475-2fd3-4905-98ad-128ae75c3a5d,Atención Médica Integral,general,MX,Juárez,+52 656 105 7840,https://www.facebook.com/atencionmedint,"Plan de Guadalupe 3992, Los Nogales, 32350 Juárez, Chih., Mexico",4.7,39,0,false,false,google
4ceb1970-3ae5-47aa-9232-2fd8c6ee6f5c,CAAPS Águilas De Zaragoza,general,MX,Juárez,+52 656 843 8075,http://www.ssch.gob.mx/,"C. Tezozómoc 1248, Águilas de Zaragoza, 32599 Juárez, Chih., Mexico",4.1,81,0,false,false,google
83bae77f-5861-49a2-82e8-2621b280cb56,Hospital Juárez,urgent_care,MX,Juárez,+52 656 619 9380,,"Blvd. Óscar Flores 5407-208, La Cuesta, 32650 Juárez, Chih., Mexico",3.2,75,0,false,false,google
c058fb4f-ff5a-44c8-8a6b-1d7647568c5b,Hospital del Sol - Emergency,urgent_care,MX,Juárez,+52 656 611 7073,http://www.hospitaldelsol.com.mx/,"Calle Tomás Alba Edison 1333, Hidalgo, 32300 Juárez, Chih., Mexico",4.1,10,0,false,false,google
5ac49508-0d72-4057-8353-8617588f0b75,Hospital Angeles Ciudad Juárez,urgent_care,MX,Juárez,+52 656 227 1400,https://hospitalangeles.com/ciudadjuarez,"Av. Campos Eliseos 9371, Campos Elíseos, 32472 Juárez, Chih., Mexico",3.5,380,0,false,false,google
20c304ae-31f2-455b-ae22-56a92e4702fd,Hospital MediSur,urgent_care,MX,Juárez,+52 656 617 4883,,"Av. Rafael Pérez Serna 1714, Puerta del Sol, 32410 Juárez, Chih., Mexico",4.1,49,0,false,false,google
902d2644-2b8a-4e36-a04d-15c38d6b8992,Hospital del Sol,urgent_care,MX,México,+52 656 611 7073,http://www.hospitaldelsol.com.mx/,"Cd. Juarez, Hidalgo, 32300 México, Chih., Mexico",3.9,86,0,false,false,google
93df864b-8299-47fa-a977-6ce3dc4a5448,dental del centro suc. pradera,dentist,MX,Juárez,+52 656 578 0298,,"Av. Tecnológico 3575-5, entre COMIDA CHINA Y FARMACIAS SIMILARES EN SMART, Pradera Dorada, Ramón Rivera Lara, 32605 Juárez, Chih., Mexico",5,3,0,false,false,google
a85d1fc2-4bc7-4e2d-8955-3dc72c933603,"DENTISTA DE NIÑOS GASA KIDS, CD. JUAREZ",dentist,MX,Juárez,+52 656 616 3011,http://gasamd.com/,"PLAZA DEL CAMINO, Av. Ejército Nacional 7695-EDIFICIO E LOCAL 4-A, Del Márquez, 32607 Juárez, Chih., Mexico",4.9,41,0,false,false,google
a698f58c-a6fc-40b5-9462-6b6d5af9415f,"Clínica Dental Molar Company | Mejor dentista, odontólogo en Ciudad Juárez | Sucursal López Mateos",dentist,MX,Juárez,+52 656 346 2229,,"Av. Adolfo López Mateos 1281, Aurora, 32380 Juárez, Chih., Mexico",5,120,0,false,false,google
ce52f6aa-7f54-4cc4-bc8d-45b5de71fe64,Alegreto Laser Center,optometry,MX,Juárez,+52 656 623 4000,http://alegreto.com.mx/,"C. Pedro Rosales de León 7510, Fuentes del Valle, 32500 Juárez, Chih., Mexico",3.6,16,0,false,false,google
5a008943-39df-4463-8f2a-63fa6a30ce3d,Dra. Susana Martinez Jardon,optometry,MX,Juárez,+52 656 623 2414,https://www.doctoralia.com.mx/c-susana-martinez-jardon/oftalmologo/ciudad-juarez?utm_source=google&utm_medium=gmb&utm_campaign=116220&utm_content=website,"Blvd. Manuel Gómez Morín 8015, Bermúdez, 32470 Juárez, Chih., Mexico",4.1,54,0,false,false,google
e59a9390-e251-478c-9456-7d8babca9ebb,Oftalmologo Cd. Juárez - Dr. Ricardo Ramos Cortes,optometry,MX,Juárez,+52 656 616 5656,http://oftalmologocdjuarez.com/,"Poliplaza Médica Diamante, De La Labranza 7398-Consultorio 305, Virreyes, 32507 Juárez, Chih., Mexico",4.8,80,0,false,false,google
013d91a6-4b61-45c2-b7f3-ee78a6f85cb9,Vista Optica,optometry,MX,Juárez,+52 656 398 0853,http://facebook.com/vistaoptica,"Blvd. Manuel Gómez Morín 7443-3, Rincones de San Marcos, 32450 Juárez, Chih., Mexico",4.9,41,0,false,false,google
7d149caa-e05e-4e62-8858-274f9fdd6404,Dra. Paloma Hurtado Izaguirre,optometry,MX,Juárez,+52 656 616 3696,https://www.doctoralia.com.mx/paloma-hurtado-izaguirre/oftalmologo/ciudad-juarez?utm_source=google&utm_medium=gmb&utm_campaign=138810&utm_content=website,"Centro médico de especialidades . Consultorio, Av. de Las Americas 201-103- b, Margaritas, 32300 Juárez, Chih., Mexico",4.9,84,0,false,false,google
7a376340-8876-4bfb-bcbd-8fe5dbf09065,Consultorios de psicología,mental_health,MX,Juárez,+52 656 488 9157,,"Valle de Ródano, esquina con, Canarios 3263, Paseo del Valle, 32310 Juárez, Chih., Mexico",5,35,0,false,false,google
8b8904c8-10be-45a6-a38a-047c4215cf2d,CO-CREA,mental_health,MX,Juárez,+52 656 761 5537,https://bit.ly/CO-CREA,"Aguirre Laredo 5147, Los Colorines, 32380 Juárez, Chih., Mexico",4.9,107,0,false,false,google
934739fe-fc51-466b-9828-06b42699f5a4,Platiquemos de Salud Mental,mental_health,MX,Juárez,+52 656 609 5418,https://www.platiquemosdesaludmental.com/?utm_source=google&utm_medium=wix_google_business_profile&utm_campaign=16100389483420497320,"Montecarlo, Country Raquet Club, 32469 Juárez, Chih., Mexico",5,6,0,false,false,google
e083f302-9b5c-4747-a84c-775181511e6c,Lic. Mónica López CEDISERH Centro de Desarrollo Integral del Ser Humano,mental_health,MX,Juárez,+52 656 167 9418,https://cediserh.com/,"Lago Atabascal 5347, Los Lagos, 32360 Juárez, Chih., Mexico",4.8,50,0,false,false,google
63b29f68-c85c-4caf-b689-26d47bfa618b,Consultorio de Psicología e Hipnosis Regresiva,mental_health,MX,Juárez,+52 656 250 0909,https://sites.google.com/view/hipnosis-profunda/home,"Av. Manuel Jesús Clouthier 8429, Ampliación Aeropuerto, 32698 Juárez, Chih., Mexico",4.9,100,0,false,false,google
dd0ac3ca-26a1-4c48-a478-c3f273ce6bf1,Hospital Medical Poliplaza,urgent_care,MX,Juárez,+52 656 618 2396,http://www.poliplaza.com/,"C. Pedro Rosales de León 7510, Fuentes del Valle, 32500 Juárez, Chih., Mexico",3.2,116,0,false,false,google
fccf5371-48b2-4d47-950b-604249eaf7e0,Hospital de la Mujer,urgent_care,MX,Juárez,+52 656 432 3293,http://www.hdelamujer.salud.gob.mx/,"Av. Paseo Triunfo de la República s/n, Partido Romero, 32330 Juárez, Chih., Mexico",3.4,149,0,false,false,google
4fdbed60-49d6-46ea-a67d-c5e3e3a5df45,Clínica Centeno,urgent_care,MX,Juárez,+52 656 619 4125,,"C. Centeno 7986, Granjero, 32690 Juárez, Chih., Mexico",3.1,54,0,false,false,google
1af18e00-46a9-4bbc-9e3e-669cbe16b160,Hospital Santa Maria Sadec,urgent_care,MX,Juárez,+52 656 633 5695,http://www.hospitalsantamariaac.org.mx/,"Boulevard Zaragoza 423 Cuidad, Moderna, 32670 Juárez, Chih., Mexico",3.2,105,0,false,false,google
a5871e9a-b0c2-43e7-871e-16d511f6f495,Hospital Zaragoza,urgent_care,MX,Juárez,+52 656 682 0293,http://www.hospitalzaragoza.com/,"Calle Ramón Rayon &, De Las Milpas 169, Valles, 32590 Juárez, Chih., Mexico",3,172,0,false,false,google
3f72f51b-e328-42b4-bc0e-390f80a99039,Salud y Desarrollo Comunitario de Ciudad Juárez,general,MX,Juárez,+52 656 612 2167,http://www.femap.org.mx/,"C. Malecón 788, Centro, 32000 Juárez, Chih., Mexico",5,2,0,false,false,google
1f8be9ca-828a-4f95-ac78-cb3c5c832ce9,"Salud y Bienestar Comunitario, A.C.",general,MX,Juárez,+52 656 172 2780,http://www.sabicac.org/,"Calle Amanalco y Tlalpan 3411, Col. Adolfo López Mateos, 32220 Juárez, Chih., Mexico",4.8,5,0,false,false,google
a3bf7735-ac83-46aa-8141-d0919e2a2f46,Dirección General de Centros Comunitarios,general,MX,Juárez,+52 656 737 0710,,"Av. Adolfo López Mateos 250, Monumental, 32310 Juárez, Chih., Mexico",4,4,0,false,false,google
01592ae0-6adb-4bbc-9a4f-da47e4e58335,"CIDeSES (Centro de Investigaciones Desarrollo de Proyectos Sociales, Educativos y de Salud A.C.)",general,MX,Juárez,,http://www.cidesesac.org/,"C. Piña 6900, Lucio Blanco II, 32583 Juárez, Chih., Mexico",4.7,148,0,false,false,google
21dcac93-7c89-42a7-80fb-21351fe4d3f7,Centro Comunitario Erendira,general,MX,Juárez,,,"Puruandiro 7903, Eréndira, 32662 Juárez, Chih., Mexico",4.5,90,0,false,false,google
261bd342-17df-4ee9-8cbd-c2ac4a03f1e3,Centro Comunitario Fovissste,general,MX,Juárez,+52 656 507 8687,,"Río Ródano, Chamizal I y II, 32310 Juárez, Chih., Mexico",4.5,314,0,false,false,google
76270ac0-8b07-4c59-90e4-20856c809005,Centro de Salud Urbano B SEDATU-Municipio de Juarez,general,MX,Ciudad Juárez,+52 656 472 6273,,"32599 Ciudad Juárez, Chihuahua, Mexico",4,6,0,false,false,google
9a35d5d5-acaa-48f7-917a-9765d99139b6,Community Center North Division,general,MX,Juárez,+52 656 200 8545,https://www.facebook.com/CentroComunitarioDivisionDelNorte/,"Tercera 1724, 32670 Juárez, Chih., Mexico",3.9,101,0,false,false,google
e7c4607d-70fa-4dc8-9dc9-c7fa29c593a7,Centro Comunitario Azteca,general,MX,Juárez,+52 656 524 9417,https://www.facebook.com/Centro-Comunitario-Azteca,"Calle Acolhuas 2540, Aztecas, 32280 Juárez, Chih., Mexico",4.4,17,0,false,false,google
147ab5da-fc15-4bc7-80c6-1313e63c664a,Centro de Salud No. 8 Azteca I,general,MX,Juárez,+52 656 640 7684,,"C. Chamulas 6501, Aztecas, 32280 Juárez, Chih., Mexico",4.5,14,0,false,false,google
61dd0484-6b52-452e-a9f9-06e1fca24fef,Centro de salud #5 revolucion mexicana,general,MX,Juárez,+52 656 266 8797,,"Trinidad Rodríguez 2413, Revolución Mexicana, 32670 Juárez, Chih., Mexico",4.1,13,0,false,false,google
e1a0e441-4760-41ba-8743-bc16d0e85cca,Centro Comunitario San Antonio,general,MX,Juárez,+52 656 464 3599,https://www.facebook.com/profile.php?id=61579145967918,"C. Sevilla s/n, San Antonio, 32250 Juárez, Chih., Mexico",4.5,93,0,false,false,google
88e905af-e870-4601-a9a0-a23b4f4259fd,"Centro Comunitario ""Aguilas de Zaragoza""",general,MX,Juárez,,,"Ejido el Vergel s/n, Águilas de Zaragoza, Patria, 32551 Juárez, Chih., Mexico",4.4,166,0,false,false,google
a92a159c-1370-4117-b7da-727e769d3617,Centro de salud #3 division del norte,general,MX,Juárez,,,"Tercera 8817, 32670 Juárez, Chih., Mexico",2,10,0,false,false,google
fb238e70-101b-46f4-bfc7-1a974a31c2e3,Centro de Atencion Primaria en Adicciones (CAPA) Altavista,general,MX,Juárez,,https://www.facebook.com/capa.altavista/about,"32120, Hidrógeno 6414, Altavista, 32120 Juárez, Chihuahua, Mexico",4.2,14,0,false,false,google
d554d68b-7eff-4118-a3ef-db28a2aa5df0,Centro Comunitario 15 de Enero,general,MX,Juárez,,,"Papaya s/n, Angelina Gallegos 180, Universidad, 32696 Juárez, Chih., Mexico",4.2,58,0,false,false,google
ba14c8d4-8afc-429a-be2c-36aa0699e78f,Invo Dental Clinic,dentist,MX,Juárez,+52 656 648 0051,https://www.invodentalclinic.com/,"Blvd. Teófilo Borunda 7751, Partido Iglesias, 32528 Juárez, Chih., Mexico",4.9,18,0,false,false,google
6425ff87-5fff-4ac6-8e23-07d753da0741,ViSTAR Clínica Oftalmológica,optometry,MX,Juárez,+52 656 629 1601,http://vistar.com.mx/,"Plaza Renacimiento local 1-B, Av. Paseo Triunfo de la República 4020, Monumental, 32310 Juárez, Chih., Mexico",3.8,56,0,false,false,google
43f4db3b-e2d4-47d1-a01c-0cb0896cc82b,Vista Medica,optometry,MX,Juárez,,,"Av. Adolfo López Mateos, Melchor Ocampo, 32380 Juárez, Chih., Mexico",4.9,164,0,false,false,google
a2994cbb-7ffa-48a1-bdef-442a5f90ff8e,Vision Center Juárez,optometry,MX,Juárez,+52 656 623 2414,http://visioncentermexico.com.mx/,"Blvd. Manuel Gómez Morín 8015, Bermúdez, 32470 Juárez, Chih., Mexico",4.4,570,0,false,false,google
149041db-978a-40f0-bd50-354aea146072,Clinica De Ojos Gaucin,optometry,MX,Juárez,+52 656 703 9115,,"Carlos Villarreal 3048-interior 205, Margaritas, 32300 Juárez, Chih., Mexico",4.6,101,0,false,false,google
31b063d4-48d1-4f3d-8e82-c2a0f2757fd5,VISION Centro de Oftalmología,optometry,MX,Juárez,+52 656 616 3696,,"Av. de Las Americas 201, Margaritas, 32300 Juárez, Chih., Mexico",5,9,0,false,false,google
8532dfc4-1f63-4fcf-af97-cfa6ee1290cf,Aris Vision Institute Ciudad Juarez,optometry,MX,Juárez,+52 656 316 2678,http://www.arisvisionjuarez.com/,"Av. Abraham Lincoln 1027, La Playa, 32310 Juárez, Chih., Mexico",3.5,94,0,false,false,google
b696c724-b680-46ac-9b40-8a228cdf4664,Clínica Optométrica Pediátrica Neurovisión,optometry,MX,Juárez,+52 656 198 7041,,"Del Huizache 2172, El Roble, 32390 Juárez, Chih., Mexico",5,479,0,false,false,google
fbec35d9-6c9f-472b-b41e-da760475c06a,Dr. Roberto Magallanes,optometry,MX,Juárez,+52 656 639 1505,http://vistamedica.mx/,"Av. Adolfo López Mateos Sur 848, Los Nogales, 32350 Juárez, Chih., Mexico",4.9,329,0,false,false,google
2da903e2-362a-410e-9a27-42bdab469ade,Fundación Vamos Viendo - Cd. Juárez,optometry,MX,Juárez,+52 656 611 5400,https://vamosviendo.org/,"Av. Abraham Lincoln 1027, Fraccionamiento La Playa, 32310 Juárez, Chih., Mexico",4.2,5,0,false,false,google
ce71ffe5-d5e6-460f-b612-ec2131139056,Ocular Salud Visual - Dra. Ana Victoria Ramos Díaz de León,optometry,MX,Juárez,,https://www.doctoralia.com.mx/ana-victoria-ramos-diaz-de-leon/oftalmologo/ciudad-juarez,"Av. Adolfo López Mateos 1281, Aurora, 32350 Juárez, Chih., Mexico",5,3,0,false,false,google
7f0f5dea-f4fc-48d7-9eaf-dbb2bf447b87,OFTALMOLOGIA PEDIATRICA JRZ,optometry,MX,Juárez,+52 656 121 6125,,"Del Huizache 2170, El Roble, 32390 Juárez, Chih., Mexico",4.9,158,0,false,false,google
d6ee3dba-4e06-40ef-858a-3eeb52967355,Retina Eye Center,optometry,MX,Juárez,+52 656 639 4662,https://www.retinaeyecenterjrz.com/,"Av. Paseo Triunfo de la República 4635, Monumental, 32310 Juárez, Chih., Mexico",3.5,11,0,false,false,google
73570ac4-6431-4c03-b9dd-005dafeb3555,Psicologa Brenda Alarcon,mental_health,MX,Juárez,+52 656 273 4869,https://www.psicologaciudadjuarez.com/,"Av. Ejército Nacional 4422, Centro Comercial V, 32563 Juárez, Chih., Mexico",5,83,0,false,false,google
df908af8-a094-4051-8bc9-9a84bacb22f9,Centro Integral Bien-estar,mental_health,MX,Juárez,+52 656 818 7338,,"C. Sierra Grande, La Cuesta II, 32653 Juárez, Chih., Mexico",4.9,7,0,false,false,google
672de218-bb69-41fb-a2f5-59e46a495f56,CEBIEM,mental_health,MX,Juárez,+52 656 662 1491,http://www.cebiem.com.mx/,"Blvd. Manuel Gómez Morín 8393-A, 32459 Juárez, Chih., Mexico",5,11,0,false,false,google
139f0af7-6d77-4cb3-a1f9-a1027a0b21c6,ReConecta: Terapia psicologica & wellness,mental_health,MX,Juárez,+52 656 350 1110,,"C. Rancho Agua Caliente 7137, Pradera Dorada, 32618 Juárez, Chih., Mexico",5,1,0,false,false,google
e7c40bf7-c1eb-46e9-900b-e208d93c2d15,Psicoterapeuta Eve Hernández,mental_health,MX,Juárez,+52 477 300 2040,https://www.facebook.com/PsicEveHernandez,"Av. Plutarco Elías Calles 1108, La Raza, 32360 Juárez, Chih., Mexico",5,60,0,false,false,google
e09dbb0c-be46-439b-827b-1472c727f5b4,Emoción y Pensamiento,mental_health,MX,Juárez,+52 656 318 8953,http://www.emocionypensamiento.com/,"Av. Prof. R. Rivera Lara 7238, Jardines Residencial, Las Acequias, 32617 Juárez, Chih., Mexico",5,5,0,false,false,google
b5ffb08b-761c-4119-9529-315e45306f35,Centro Integral para la Salud y Atención Psicológica CISAP,mental_health,MX,Juárez,+52 656 426 9180,https://cisapcdjuarez.wixsite.com/centrointegralparala,"Lago Manitoba 596, Mascareñas, 32340 Juárez, Chih., Mexico",5,5,0,false,false,google
22c010f1-fc9f-46a9-9b83-d0df00bab77d,IPPCJ Instituto de Psicologia y Psicoterapia de Ciudad Juárez,mental_health,MX,Juárez,+52 656 180 9731,http://ippcj.com/,"Monte Mayor 4113, El Roble, 32390 Juárez, Chih., Mexico",5,1,0,false,false,google
440425ce-3895-4f57-b905-3ad2e5e8d997,Clínica Evimería - Suc. Ejercito-Benavente. Servicios de psicología,mental_health,MX,Juárez,+52 656 860 9050,http://www.evimeriajuarez.com/,"salón de eventos Vicar, C. Jacinto Benavente 2445-Interior 5, 32609 Juárez, Chih., Mexico",5,24,0,false,false,google
0fa5848f-2a02-42f6-ad9b-10222ecb496d,Bonhomía Centro de Atención y Enseñanza Psicológica (CAEP),mental_health,MX,Juárez,+52 656 769 3326,,"Av. de Las Fuentes 1543, Fuentes del Valle, 32500 Juárez, Chih., Mexico",5,25,0,false,false,google
165c1d5c-54ba-4eb7-8f6e-314e700bd679,Centro de Atención Psicológica y Capacitación Kíséret,mental_health,MX,Juárez,+52 656 103 6963,,"Cuajimalpa 6633, San Pedro, 32520 Juárez, Chih., Mexico",5,12,0,false,false,google
3a2f4d8e-072a-47f8-96d0-62b8c3ee17cd,Eart Psicología y Salud Mental,mental_health,MX,Juárez,+52 614 136 6401,,"Rancho San Valentin 2704, Pradera Dorada, 32618 Juárez, Chih., Mexico",0,0,0,false,false,google
e8d0874b-f123-4d7f-a30b-be3c90891c9f,"Psicóloga Victoria Acosta: Terapeuta, Criminalista y Perito Psicológico",mental_health,MX,Juárez,+52 656 854 0389,https://www.doctoralia.com.mx/victoria-acosta-guzman/psicologo/ciudad-juarez#profile-info,"Río Pánuco 230, Fraccionamiento, Río Bravo, 32500 Juárez, Chih., Mexico",5,103,0,false,false,google
1b30bba9-af84-4df4-9208-1720d4c26250,"Bienestar y Plenitud, Tecnologico",mental_health,MX,Juárez,+52 656 285 6106,https://www.doctoralia.com.mx/clinicas/bienestar-y-plenitud,"Miguel Servet 1354, Olmos Tecnológico, 32510 Juárez, Chih., Mexico",5,3,0,false,false,google
6383d89e-689c-4ed0-a6d1-79852dd236f9,CISAP 2: Emocionando al Pensamiento,mental_health,MX,Juárez,+52 656 353 6651,https://www.facebook.com/profile.php?id=100089626535956,"José Maria Iglesias 2461, Benito Juárez, 32390 Juárez, Chih., Mexico",3.7,3,0,false,false,google
7ecd313a-f49c-4d43-b396-27fb26be220c,Clínica Ginecológica Salud Femenina,obgyn,MX,Juárez,+52 656 648 9999,,"Blvrd Francisco Villarreal Torres 11493, Partido Senecú, 32459 Juárez, Chih., Mexico",2.1,44,0,false,false,google
57726ae0-38dc-42e7-b4cb-92bd71cd49ea,Ginecólogo en Ciudad Juárez | Dra. Mariana Aguirre,obgyn,MX,Juárez,+52 614 304 3946,https://dra-mariana-aguirre.com/,"Diamante, De La Labranza 7398, Villas del Granjero, 32507 Juárez, Chih., Mexico",4.9,16,0,false,false,google
6aac12a7-44d2-48e9-88c8-9db2181601dc,Centro Medico De La Mujer,obgyn,MX,Juárez,+52 656 687 1966,https://centromedicodelamujerjuarez.com/,"Avenida Del Agua, C. la Hacienda 1422, Hacienda del Rosario, 32505 Juárez, Chih., Mexico",4.3,7,0,false,false,google
faed233f-a75a-4354-8d73-69c2c38d612b,Hospital Angeles Ciudad Juárez -Ginecología y Obstetricia,obgyn,MX,Juárez,+52 656 227 1987,https://hospitalesangeles.com/ciudadjuarez/,"Av. Campos Eliseos 9371, Campos Elíseos, 32472 Juárez, Chih., Mexico",5,3,0,false,false,google
4c7a281c-0c36-4a76-ab7c-ae758a1ecc9f,Gynecological Center Image,obgyn,MX,Juárez,+52 656 324 5605,,"Av. P.º de la Victoria 4370, Partido Iglesias, 32618 Juárez, Chih., Mexico",3,6,0,false,false,google
74db2061-1eaa-4606-9d52-06e89dcbf449,DR FELIPE JOAQUIN MERINO PINEDA,obgyn,MX,Juárez,+52 656 613 6725,,"C. Melquiades Alanís 4033, Monumental, 32310 Juárez, Chih., Mexico",5,20,0,false,false,google
c3556051-ba32-468a-a4b1-24ea662cb2d9,DR. JAIME CRUZ PEREZ - GINECOLOGIA CD JUAREZ,obgyn,MX,Juárez,+52 656 806 4036,https://www.doctoralia.com.mx/jaime-cruz-perez/ginecologo/ciudad-juarez#address-id=592779&is-online-only=false&filters[specializations][]=30,"Av. P.º de la Victoria 4370, 32618 Juárez, Chih., Mexico",5,10,0,false,false,google
064674fc-4629-4645-966a-3cf3374efa6b,Aurora de la Paz Orozco,obgyn,MX,Juárez,+52 656 611 7449,http://delapazauroradra.com/,"Av. de Las Americas #201 106, Margaritas, 32300 Juárez, Chih., Mexico",4,23,0,false,false,google
dd568186-289b-4020-a45f-de2591a80f88,Gine Care Unidad Integral,obgyn,MX,Juárez,+52 656 788 8951,https://ginecare.setmore.com/ak9yeo,"Condominio Rincón, Del Pórtico 2955, Marcela, 32548 Juárez, Chih., Mexico",5,14,0,false,false,google
e8688f4d-31fb-4949-b06e-7cd00fa91e98,DRA. SANDRA MONTOYA RODRIGUEZ,obgyn,MX,Juárez,+52 656 623 7693,http://drasandramontoyarodriguez.com/,"PEDRO ROSALES DE LEON # 7510, Int: 3, Fuentes del Valle, 32500 Juárez, Chih., Mexico",2.3,12,0,false,false,google
5a67740f-2d85-4984-b298-20888b73ca2a,"Oh Baby, Centro ginecológico.",obgyn,MX,Juárez,+52 656 762 5067,,"Blvrd Francisco Villarreal Torres 11301-local 5, Partido Senecu, 32543 Juárez, Chih., Mexico",4.9,23,0,false,false,google
b80dab55-e4d8-43e0-9680-b0c40956f8fb,Dr. Oscar Raúl Durán González,obgyn,MX,Juárez,+52 656 378 0089,http://starmedica.com/,"Av. P.º de la Victoria 4370, Partido Iglesias, 32618 Juárez, Chih., Mexico",4.3,12,0,false,false,google
96e4fbdc-ec69-4ef9-9e03-ce1b9f778464,GINECER,obgyn,MX,Juárez,+52 656 613 1926,,"Av. Adolfo López Mateos 805, Los Nogales, 32350 Juárez, Chih., Mexico",2.9,101,0,false,false,google
62ed24ca-5bd5-4e51-85aa-d6325f2f2c2e,Centro Médico De La Mujer,obgyn,MX,Juárez,,,"Tlaloc 6812, Del Real, 32660 Juárez, Chih., Mexico",0,0,0,false,false,google
a35f5780-4844-4611-b6a1-57d4708db871,Dra. Fátima Martínez,obgyn,MX,Juárez,+52 656 227 1933,http://ginecologacdjuarez.com/,"CONSULTORIO 340 Hospital Ángeles, Av. Campos Eliseos 9371, Campos Elíseos, 32472 Juárez, Chih., Mexico",4.6,23,0,false,false,google
9b492c09-65c8-45a2-8069-0804fa6fbb7a,Dr. Omar Chávez Chaparro,pediatrics,MX,Juárez,+52 656 341 6722,https://www.facebook.com/dr.omarchavezchaparro,"Hospital, Av. P.º de la Victoria 4370, Partido Iglesias, 32618 Juárez, Chih., Mexico",4.8,68,0,false,false,google
737de439-d998-4dfa-9cd2-10610294e95a,Doctoras Medina Pediatría,pediatrics,MX,Juárez,+52 656 660 8184,http://doctorasmedina.mx/,"Blvrd Francisco Villarreal Torres 1323, Parcelas Ejido Jesús Carranza, 32459 Juárez, Chih., Mexico",4.6,103,0,false,false,google
eac2cab2-67b7-4e77-94a2-38589d2989be,Pediatra Dra. Peña,pediatrics,MX,Juárez,+52 656 630 4126,,"Cuicuilco, Libertad, 32290 Juárez, Chih., Mexico",3.8,80,0,false,false,google
d08537f5-c0c6-441b-894d-5161fd4dba53,"Dra. Martha Nathaly Garnica Pérez, Pediatra",pediatrics,MX,Juárez,,https://www.doctoralia.com.mx/martha-nathaly-garnica-perez/pediatra/ciudad-juarez?utm_source=google&utm_medium=gmb&utm_campaign=18446&utm_content=website,"Av. P.º de la Victoria 4370-Consultorio 618, 32618 Juárez, Chih., Mexico",5,2,0,false,false,google
8efeee73-d9fb-4846-99c1-7374b3a08064,DR LUIS FERNANDO ESPINOZA GONZALEZ,pediatrics,MX,Juárez,+52 656 617 0278,,"Av. P.º de la Victoria 4370-424, Partido Iglesias, 32510 Juárez, Chih., Mexico",4.8,5,0,false,false,google
fc66c9ad-0bc3-4b44-b31e-7b213a78bf44,Dr. Staines Orozco Hugo,pediatrics,MX,Juárez,+52 656 618 0538,,"C. Pedro Rosales de León 7510, Usos Mixtos (Futurama), 32507 Juárez, Chih., Mexico",5,10,0,false,false,google
3d80e0a9-cde1-4f2c-8fc3-08efccef4fd9,"chikikardio, cardiología pediátrica",pediatrics,MX,Juárez,+52 656 787 6787,https://chikikardio.com.mx/,"StarMédica, Av. P.º de la Victoria 4370, Partido Iglesias, 32618 Juárez, Chih., Mexico",5,230,0,false,false,google
8d649303-b7a1-4d73-b2e2-f9f9efc0e131,Dra. Lourdes Cortez,pediatrics,MX,Juárez,+52 656 338 2516,,"Av. P.º de la Victoria 4370, 32668 Juárez, Chih., Mexico",5,5,0,false,false,google
b1d7467b-450d-407e-81ea-76d5d4252166,Dra. Ana Martinez Roque. Pediatra,pediatrics,MX,Juárez,+52 656 102 7282,https://www.facebook.com/profile.php?id=61563769907984&mibextid=ZbWKwL,"Villa Camargo 312, Villas del Valle, 32583 Juárez, Chih., Mexico",5,15,0,false,false,google
439243f3-13d5-42f9-b01a-e100158f373c,Dr. Guillermo Garza Mtz - Pediatra,pediatrics,MX,Juárez,+52 656 626 4161,,"Hospital Angeles, Av. Campos Eliseos 9371-Consultorio 535, Campos Elíseos, 32472 Juárez, Chih., Mexico",5,22,0,false,false,google
5d517043-7d44-48cf-821e-2a5322e92469,DR. FELIPE DERAS QUISTIAN,pediatrics,MX,Juárez,+52 656 620 7586,,"Tlaloc 6800, Del Real, 32680 Juárez, Chih., Mexico",4.4,8,0,false,false,google
128df7d7-d28e-4fb4-9955-d9acd496966d,Doctor Ayala Bustilos Carlos,pediatrics,MX,Juárez,+52 656 612 5965,,"Poliplaza Médica, Usos Mixtos (Futurama), 32507 Juárez, Chih., Mexico",4.7,27,0,false,false,google
869c5a16-e4f8-48e8-8359-dc1bc4119fbc,Pediatri-k del Sol,pediatrics,MX,Juárez,+52 656 666 2260,,"C. Valle del Sol s/n, 32546 Juárez, Chih., Mexico",4.8,27,0,false,false,google
50e96032-47dc-4dfe-afbd-f6defd9f53a6,"Dra. Oralia Herrera, Ginecóloga",obgyn,MX,Juárez,+52 656 201 3909,http://draoraliaherrera.com/,"Av. Campos Eliseos 9371, Campos Elíseos, 32420 Juárez, Chih., Mexico",4.1,64,0,false,false,google
f9c0c520-8d1e-4c09-839a-8a94aac90835,Dr Carlos Cisneros Medina NEONATOLOGO - PEDIATRA,pediatrics,MX,Juárez,+52 656 648 3406,,"Av. P.º de la Victoria 4370, Partido Iglesias, 32618 Juárez, Chih., Mexico",5,1,0,false,false,google
25c75c7a-2aae-4189-9d57-a8f43f09cf29,"Dra. Juanita Guadalupe Valenzuela Ibarra, Pediatra",pediatrics,MX,Juárez,+52 656 559 1067,https://www.doctoralia.com.mx/juanita-guadalupe-valenzuela-ibarra/pediatra/ciudad-juarez?utm_source=google&utm_medium=gmb&utm_campaign=131886&utm_content=website,"Calle Pedro Rosales de León 7510, 32500 Juárez, Chih., Mexico",3.3,7,0,false,false,google
d3d4445f-cd19-4134-a669-119f9fb3707f,Farmacias Guadalajara,pharmacy,MX,Juárez,+52 656 648 4392,https://www.farmaciasguadalajara.com.mx/PaginaWebFragua/,"Av. P.º de la Victoria, Misión de Los Lagos, 32543 Juárez, Chih., Mexico",4,135,0,false,false,google
4eb76da2-aa64-4010-862c-3031b94cb50a,Farmacia Guadalajara,pharmacy,MX,Juárez,+52 614 594 3867,https://www.farmaciasguadalajara.com.mx/,"C. Simona Barba 5420, San Angel, 32376 Juárez, Chih., Mexico",4.2,98,0,false,false,google
3e971697-6b90-4670-ab5e-558e980e0e24,Farmacias del ahorro Suc. Paseo de la Victoria,pharmacy,MX,Ciudad Juárez,,,"32668 Ciudad Juárez, Chihuahua, Mexico",4.5,23,0,false,false,google
11b6a1ac-56e3-4f66-b75d-3252198b635d,Farmacia Guadalajara Suc. Alamos,pharmacy,MX,Juárez,,https://www.farmaciasguadalajara.com.mx/,"C. J. Clemente Orozco, San Lorenzo, 32320 Juárez, Chih., Mexico",4,88,0,false,false,google
0621c062-b117-462b-8804-683a96dd6ac7,FARMACIAS DEL AHORRO Ejercito,pharmacy,MX,Juárez,+52 656 611 4522,https://www.fahorro.com/,"Av. Plutarco Elías Calles 2115, Señorial, 32390 Juárez, Chih., Mexico",3.6,62,0,false,false,google
e5a0425d-0fd1-4ad7-96f3-0083c9bbd582,FARMACIAS DEL AHORRO Campestre,pharmacy,MX,Juárez,+52 800 711 2222,https://www.fahorro.com/,"Blvd. Manuel Gómez Morín 770, Camino Real, 32505 Juárez, Chih., Mexico",4.3,24,0,false,false,google
65b1f70f-0187-4709-a63e-89f8d6dec31e,FARMACIAS DEL AHORRO Central,pharmacy,MX,Juárez,+52 656 611 4522,https://www.fahorro.com/,"Altos Hornos 5689, Las Acacias, 32630 Juárez, Chih., Mexico",3.8,38,0,false,false,google
2d8958cb-c962-4ef6-9601-71987642a675,Farmacia Guadalajara,pharmacy,MX,Juárez,+52 33 3818 1818,https://www.farmaciasguadalajara.com.mx/,"Av. Ejército Nacional 1320, Satélite, 32607 Juárez, Chih., Mexico",4.2,65,0,false,false,google
807c3ca8-2ce4-4ad9-943c-8f62507e859d,FARMACIAS DEL AHORRO La Zarzana,pharmacy,MX,Juárez,+52 656 611 4522,https://www.fahorro.com/,"Blvrd Francisco Villarreal Torres 11293, Partido Senecú, 32459 Juárez, Chih., Mexico",3.5,75,0,false,false,google
cb16cc9f-ce37-4c4e-819c-200da88cbbfe,FARMACIAS DEL AHORRO Zaragoza,pharmacy,MX,Juárez,+52 656 611 4522,https://www.fahorro.com/,"Blvd. Zaragoza Sur, 0, Lomas De San Jose, 32680 Juárez, Chih., Mexico",3.6,96,0,false,false,google
a9b28b61-3d0e-4d7a-879c-aca69f31ded0,Farmacia Guadalajara,pharmacy,MX,Juárez,+52 833 276 2242,https://www.farmaciasguadalajara.com/ayuda/localizador-de-superfarmacias,"Av. Adolfo López Mateos 861, Los Nogales, 32350 Juárez, Chih., Mexico",4,116,0,false,false,google
d546627e-22b2-494a-b9fb-be18186c2cda,Farmacia Guadalajara Suc. Oscar flores,pharmacy,MX,Juárez,,https://www.farmaciasguadalajara.com.mx/PaginaWebFragua/,"Zaragoza, 32685 Juárez, Chih., Mexico",3.5,58,0,false,false,google
52aad4cc-e901-4050-a085-6cd64b51a9b5,Farmacia Guadalajara,pharmacy,MX,Juárez,+52 33 3818 1818,https://www.farmaciasguadalajara.com.mx/PaginaWebFragua/,"Blvd. Manuel Gómez Morín No. 903, Las Palmas, 32560 Juárez, Chih., Mexico",4.1,125,0,false,false,google
772df3f7-a195-4651-ad65-b7e8f052cfb9,FARMACIAS SIMILARES,pharmacy,MX,Juárez,+52 800 911 6666,http://www.farmaciasdesimilares.com.mx/,"Av. Tecnológico 6206-INT 2, Aeropuerto, 32690 Juárez, Chih., Mexico",4.1,61,0,false,false,google
311755c6-47a6-4e00-bc62-1b5ea4d35b7f,Farmacias Del Ahorro Vicente Guerrero,pharmacy,MX,Juárez,+52 656 611 4522,https://www.fahorro.com/,"Av. Paseo Triunfo de la República 429, Emiliano Zapata, 32320 Juárez, Chih., Mexico",3.9,57,0,false,false,google
2ba9fb84-107a-4c31-aac9-3d8bd98643f0,Dr Omar Fidel Loera,telehealth,MX,Juárez,+52 656 623 2414,https://www.dromarloera.com/,"Blvd. Manuel Gómez Morín 8015, Bermúdez, 32470, Bermúdez, 32350 Juárez, Chih., Mexico",5,3,0,false,false,google
de83fe86-6acd-4407-82d8-57522b865f1a,DR ALEJANDRO IBARRA VALDEZ PSIQUIATRA Y TELEMEDICINA,telehealth,MX,Juárez,+52 656 862 8388,,"Calle Rubén Posadada Pompa #4608 altos, Jardines de San José, 32390 Juárez, Chih., Mexico",3.8,13,0,false,false,google
9c758532-544a-4938-ad6d-58ee9ddd7087,Dra. Ana Carolina Aguilar Venegas,pediatrics,MX,Juárez,+52 656 378 0787,https://www.topdoctors.mx/doctor/ana-carolina-aguilar-venegas,"Av. Campos Eliseos 9371-Consultorio 125, Campos Elíseos, 32420 Juárez, Chih., Mexico",4.5,60,0,false,false,google
24347b17-da09-412f-9044-efbe04f6da71,Doctoras Medina Pediatría,pediatrics,MX,Juárez,+52 656 377 7900,,"Blvd. Independencia 841, Zaragoza, 32570 Juárez, Chih., Mexico",5,35,0,false,false,google
bb629c78-284b-4737-9e54-048aeb6b1f5f,"Dra. Gicela Del Carmen Tiscareño Ruvalcaba, Pediatra",pediatrics,MX,Juárez,+52 656 613 1114,https://www.doctoralia.com.mx/gicela-del-carmen-tiscareno-ruvalcaba/pediatra/ciudad-juarez?utm_source=google&utm_medium=gmb&utm_campaign=120413&utm_content=website,"Av. de Las Americas 212 (Norte-Loc. 2, Margaritas, 32300 Juárez, Chih., Mexico",5,3,0,false,false,google
686ccb2c-1586-462d-ab1e-199918035f14,Dr. Lamberto Emanuel Briones Correa PEDIATRA,pediatrics,MX,Juárez,+52 656 148 9691,https://pediatraemanuelbriones.com/,"Av. P.º de la Victoria 4370-911, 32618 Juárez, Chih., Mexico",5,2,0,false,false,google
4f9fbe6a-37e4-4b55-bf8d-3e7df816e1e3,FARMACIAS DEL AHORRO Jazmines,pharmacy,MX,Juárez,+52 656 611 4522,https://www.fahorro.com/,"Av. P.º de la Victoria 3575, Partido Senecú, 32459 Juárez, Chih., Mexico",3.8,53,0,false,false,google
58bad825-a468-4dd5-8b53-160207b5603e,Farmacia Guadalajara,pharmacy,MX,Juárez,+52 833 276 2242,https://www.farmaciasguadalajara.com/ayuda/localizador-de-superfarmacias,"Blvd. Manuel Gómez Morín 9106, 32545 Juárez, Chih., Mexico",3.9,75,0,false,false,google
ae762caf-fa37-4e27-b82c-a1d5a1a2851a,Farmacias Guadalajara Suc. Pedro Rosales,pharmacy,MX,Juárez,+52 33 3818 1818,https://www.farmaciasguadalajara.com.mx/,"C. Pedro Rosales de León 7717, San Jerónimo, 32459 Juárez, Chih., Mexico",4.1,97,0,false,false,google
42aa0b0e-f074-4aee-930f-b8843e72e4d9,Clínica Prisma,telehealth,MX,Juárez,+52 656 616 4053,,"Plaza Triunfo, Av. Paseo Triunfo de la República 4051-Int. 14 y 15, Partido Doblado, 32424 Juárez, Chih., Mexico",3.7,12,0,false,false,google
18c7c4b8-b9a5-4542-bce5-53acdf0921da,Dr. Rodela,telehealth,MX,Juárez,+52 656 617 9519,,"Calesa 2014, Portal, 32370 Juárez, Chih., Mexico",5,16,0,false,false,google